<?xml version="1.0" encoding="UTF-8"?>
<?xml-stylesheet type="text/xsl" href="tudor.xsl"?>
<!DOCTYPE TEI.2 SYSTEM "tudor.dtd">
<TEI.2>
<teiHeader>
<fileDesc>
<titleStmt>
<title>An Artificial Apology</title>
<author>Smyth, R.</author>
</titleStmt>
<publicationStmt>
<publisher>TextBaseEarlyTudorEnglish</publisher>
<idno>RSAA22877.6</idno>
<date>2008</date>
</publicationStmt>
<sourceDesc>
<bibl>
<title>An artificiall apologie, articulerlye answerynge to the obstreperous obgannynges of one W. G. ... Repercussed by ... R. 
    Smyth P. with annotacio<expan>n</expan>s of ... master Mynterne</title>
<pubPlace>London</pubPlace>
<publisher>[R. Grafton for] R. Bankes, and to be [sold by J. Turke]</publisher>
<date>[1540]</date>
<extent>1</extent>
<idno type="STC">STC 22877.6</idno>
<note>Ringler 22877.6 and TP 1147. Single sheet folio. 'Ostensibly a reply to W. G. in [STC] 12206a.3. Literally an attack on Thomas Smith' (Ringler). Rpt. W. C. Hazlitt for _Fugitive Tracts_, No. 11, ed. John A. Kingdon, _Incidents in the Lives of Thomas Poynty and Richard Grafton_, 1895. (Ringler). UMI microfilm Reel 1861</note>
</bibl>
</sourceDesc>
</fileDesc>
<profileDesc>
<creation>
<date>1540 [STC]</date>
</creation>
<langUsage>
<language id="LA">Latin</language>
<language id="FR">French</language>
</langUsage>
<textClass>
<classCode>Verse</classCode>
</textClass>
</profileDesc>
</teiHeader>
<text>
<body>
<milestone unit="folio" n="1"/>

<head>
<p>&#182;An artificiall Apologie, articulerlye answerynge to the obstreperous Obgannynges of one <name type="person">W.<sc>wb</sc>G.</name>
<note type="editorial">W. G.=William Graye</note> Euometyd to the vituperacion of the tryumphant trollynge 
    <name type="person">Thomas<sc>wb</sc>smyth.</name> Repercussed by the ryght redolent and rotounde rethorician 
    <name type="person">R.<sc>wb</sc>Smyth</name> P. with annotacio<expan>n</expan>s of the mellifluous and misticall 
    <name type="title">Master</name>
<name type="person">Mynterne,</name> marked in the mergent for the enucliacion of certen obscure obelisques, 
    to th&#39;<!--e-->ende that the imprudent lector shulde not tytubate or hallucinate in the labyrinthes of 
    this lucubratiuncle.</p></head>
<lb/>
<l n="1">
<hi rend="woodcut cap">M</hi>Oued wyth mercy, by pytye prouoked</l>
<l n="2">Of duty I am dryue<expan>n</expan>, somwhat for to wryte 
<note type="gloss" position="left margin">
<foreign lang="LA">Pietas in parentes.</foreign>
</note>
</l>
<l n="3">In defence of one, whome I se sore boked</l>
<l n="4">And sore assauted, to be beaten fro<expan>m</expan> the ryght</l>
<l n="5">But yf I lyue, some of them shalbe smoked</l>
<l n="6">His part wyl I take w<expan>i</expan><sc>superscript-t</sc><expan>h</expan> al my power and myght. 
<note type="gloss" position="left margin">
<foreign lang="LA">Ut decet hereticos.</foreign>
</note>
</l>
<lb/>
<l n="7">
<hi rend="small cap">M</hi>y harte doth blede, to se my frende thus dreast</l>
<l n="8">So that my penne wyll wryte, though I saye naye</l>
<l n="9">Agaynst this brockyshe graye, this bytter bytyng beast</l>
<l n="10">That seketh nothynge elles, but for to pull awaye</l>
<l n="11">The good name and fame, of one that is honest</l>
<l n="12">And ful of lytterature, as all that loue hym saye 
<note type="gloss" position="left margin">
<foreign lang="LA">Alii, aliter.</foreign>
</note>
</l>
<lb/>
<l n="13">
<name type="title">
<hi rend="small cap">M</hi>aster</name>
<name type="person">Thomas<sc>wb</sc>smyth,</name> his name nede not be hyd</l>
<l n="14">Whome to se so handled, I haue great remorse</l>
<l n="15">For the stockes sake, of which he is descended</l>
<l n="16">He commeth of the smyth, that shod <name type="title">saynt</name>
<name type="person">Georges</name> horsse</l>
<l n="17">By ryght dessent, it maye not be denyed 
<note type="gloss" position="left margin">
<foreign lang="LA">Laus generis.</foreign>
</note>
</l>
<l n="18">But yf any wolde, it shall not greatly force.</l>
<lb/>
<l n="19">
<hi rend="small cap">W</hi>ho made this bagarde so bolde, this gresely graye 
<note type="editorial">'bagarde'='boggard' or perh. 'braggard'</note>
</l>
<l n="20">Or what heart hath he, that he thus assayles</l>
<l n="21">Our smyths, yf <name type="title">S.</name> <name type="person">Georges</name> horsse were a<sc>ab</sc>lyue I saye</l>
<l n="22">He dorst euen as well haue eaten both his nayles</l>
<l n="23">But though he be gone, all beastes be not awaye 
<note type="gloss" position="left margin">
<foreign lang="LA">Uinsit asine. etc.</foreign>
</note>
</l>
<l n="24">I coulde saye more, but he doth naught that rayles.</l>
<lb/>
<l n="25">
<hi rend="small cap">B</hi>etwyxt the smythes and grayes, no doute ther is great oddes</l>
<l n="26">Loke in <name type="text-title">
<foreign lang="LA">vitas patrum</foreign>
,</name> I saye thou wylfull wagge 
<note type="gloss" position="left margin">
<foreign lang="LA">Auctoritas.</foreign>
</note>
</l>
<l n="27">Howe smyths haue bene byshoppes, saynts and almost goddes</l>
<l n="28">Recorde of swete <name type="title">saynt</name>
<name type="person">Loye,</name> that holpe a cloyed nagge 
<note type="gloss" position="left margin">
<foreign lang="LA">Miraculum.</foreign>
</note>
</l>
<l n="29">
<name type="person">Uulcane</name> was god and smith, whose curse lyghte on thy coddes</l>
<l n="30">Why then with vs smythes, art thou so bolde to bragge</l>
<lb/>
<l n="31">
<hi rend="small cap">M</hi>arke this malycious, and sore bytynge brock</l>
<l n="32">Because <name type="title">master</name>
<name type="person">smyth,</name> called him thefe in sporte</l>
<l n="33">Speakynge it but merely, I dare saye in mock 
<note type="gloss" position="left margin">
<foreign lang="LA">In bono ioco.</foreign>
</note>
</l>
<l n="34">Howe lewdely of him, he hath made reporte</l>
<l n="35">But saye what thou canst, he dyd it not by cock</l>
<l n="36">For by <name type="title">saynt</name>
<name type="personif">tankarde,</name> he is none of that sorte. 
<note type="gloss" position="left margin">
<foreign lang="LA">Nota q<expan>ui</expan> non potest portare seruisiam.</foreign>
</note>
</l>
<lb/>
<l n="37">
<hi rend="small cap">T</hi>he money and the woma<expan>n</expan>, wherwith thou doest him charge</l>
<l n="38">He maye full well aduoyde, it is no great thynge</l>
<l n="39">
<name type="person">God</name> saue the kynge, a pardon doth dyscharge 
<note type="gloss" position="left margin">
<foreign lang="LA">Misericordias d<expan>omi</expan>ni in eternum cantabo.</foreign>
</note>
</l>
<l n="40">Mo thynges then that, which elles myght hap to brynge</l>
<l n="41">Both him and you, but skant to walke at large</l>
<l n="42">Within an yron grate, your Christmas songe to synge 
<note type="gloss" position="left margin">
<foreign lang="LA">Id est cibus pro pauperibus de noua porta.</foreign>
</note>
</l>
<lb/>
<l n="43">
<hi rend="small cap">A</hi>s for the woman, alas it was no wonder</l>
<l n="44">She was a whore, and he hath such a charme 
<note type="gloss" position="left margin">
<foreign lang="LA">A spiritu fornicationis etc.</foreign>
</note>
</l>
<l n="45">If she be arrant, to brynge her shortly vnder</l>
<l n="46">And yet I promyse you, he doth them lytle harme</l>
<l n="47">But bryngs them to his house, where they parte not asonder</l>
<l n="48">He couereth her, he colleth her and keps her good and warme. 
<note type="gloss" position="left margin">
<foreign lang="LA">Amor vincit o<expan>mn</expan>ia.</foreign>
</note>
</l>
<lb/>
<l n="49">
<hi rend="small cap">A</hi>nd forsoth full well, towarde his olde dayes</l>
<l n="50">Ye poynted him a place, to be in the stable</l>
<l n="51">But he neuer dressed horsse, as he him-selfe sayes 
<note type="gloss" position="left margin">
<foreign lang="LA">De hoc doctores d[u]bitant.</foreign>
</note>
</l>
<l n="52">Wherfore for that rome, he is nothynge able</l>
<l n="53">His lyuynge he must seke, by some other wayes</l>
<l n="54">Well ynough I warrant you, without hode or bable
<note type="editorial">'bable'='bauble'</note>
</l>
<lb/>
<l n="55">
<hi rend="small cap">I</hi>f he had no master, ner none wolde him take</l>
<l n="56">Skant into the stable, yet ere it were longe</l>
<l n="57">He hath so many frendes, thou sayest wolde shyft make</l>
<l n="58">To promote him to the skourynge, of some good ma<expan>n</expan>s gonge
<note type="editorial">'gong' (privy)</note><note type="gloss" position="left margin">
<foreign lang="LA">Melior est amicos in curia, qua<expan>m</expan> denarius in bursa.</foreign>
</note>
</l>
<l n="59">Thou art to spytefull, and I for anger shake</l>
<l n="60">To se howe thou doest, this poore man so much wronge.</l>
<lb/>
<l n="61">
<hi rend="small cap">Y</hi>e call him papist, because ye se him worche</l>
<l n="62">In all he doth or sayth, by doctours and decrees</l>
<l n="63">Of our olde auncyent mother holy churche 
<note type="gloss" position="left margin">
<foreign lang="LA">Distingue de ecclesia.</foreign>
</note>
</l>
<l n="64">And forbycause, he doth defende theyr dygnytyes</l>
<l n="65">Lyke a sorte of lorrelles, you wolde him geue a lurche</l>
<l n="66">His credyte and his fame, to cause hym for to lese.</l>
<lb/>
<l n="67">
<hi rend="small cap">O</hi>ur smyth can forge, and fetely fabrycate 
<note type="gloss" position="left margin">
<foreign lang="LA">Q[u]od natura dedit, nemo tollere potest.</foreign>
</note>
</l>
<l n="68">A myllyon of mentyres, in lesse then halfe a daye 
<note type="editorial">'mentyres', see OED 'mentery'</note>
</l>
<l n="69">Loke in all his workes which are consolydate</l>
<l n="70">Lyke a wyttye man, dawe canst thou saye naye?</l>
<l n="71">In such an honest forge, lo he was educate</l>
<l n="72">And such his bryngynge vp, his craft cannot decaye 
<note type="gloss" position="left margin">
<foreign lang="LA">Experiencia docet.</foreign>
</note>
</l>
<lb/>
<l n="73">
<hi rend="small cap">A</hi>nd yet this bytynge brocke, sayes he is vnworthy 
<note type="gloss" position="left margin">
<foreign lang="LA">De homini illi per quem scandalum venit.</foreign>
</note>
</l>
<l n="74">To be a paryshe clercke, <name type="person">God</name> geue the wo and care</l>
<l n="75">But yer he come therto, we trust to se the lye 
<note type="editorial">'yer'='ere'</note>
</l>
<l n="76">Askynge for <name type="person">gods</name> sake, in pouertie full bare</l>
<l n="77">Wylt thou pare with our smyth, ah pylde pratynge pye 
<note type="gloss" position="left margin">
<foreign lang="LA">Per syncopen quasi dicitur compare.</foreign>
</note>
</l>
<l n="78">Well do not so I aduyse you, I councell you beware.</l>
<lb/>
<l n="79">
<hi rend="small cap">I</hi>t wylbe a good whyle or you <name type="title">master</name>
<name type="person">Graye</name>
</l>
<l n="80">Haue such qualytes as <name type="title">master</name>
<name type="person">Smyth</name> hath 
<note type="reading">qualytes] qualylytes 1540</note>
</l>
<l n="81">He speketh euen as good frenche, I dare well saye 
<note type="gloss" position="left margin">
<foreign lang="LA">Nota donum linguarum.</foreign>
</note>
</l>
<l n="82">As any Popengay, betwene this and <name type="place">bathe</name>
</l>
<l n="83">Cracke me that nut, naye fye I praye you awaye</l>
<l n="84">Medle not withall, least that it doth you skathe.</l>
<lb/>
<l n="85">
<hi rend="small cap">S</hi>yr he hath bene in <name type="place">Parys,</name> farre beyonde the see 
<note type="gloss" position="left margin">
<foreign lang="LA">Vidit plus qua<expan>m</expan> manducauit per etc.</foreign>
</note>
</l>
<l n="86">Where thou durst neuer, yet pepe out of thy dore</l>
<l n="87">And I my-selfe, dyd here him once saye</l>
<l n="88">With so starne a loke, <foreign lang="FR">
<name type="person">Dieu</name> vous done bon-iour</foreign>
</l>
<l n="89">That euer sence, I thought hym ryght well worthy</l>
<l n="90">To haue the lytle roume, within the kynges toure</l>
<lb/>
<l n="91">
<name type="person">
<hi rend="small cap">H</hi>ercules</name>  was stronger, then any of the grayes</l>
<l n="92">Yet was he not hable to mache with two at once</l>
<l n="93">Beware I saye thou brocke and shortely walke thy wayes 
<note type="gloss" position="left margin">
<foreign lang="LA">Parce ei d<expan>omi</expan>ne, nihil eni<expan>m</expan> sunt dies eius.</foreign>
</note>
</l>
<l n="94">For we be many smythes, and yf we catche the once</l>
<l n="95">We wyll fynde the meanes, to shorten thy good dayes</l>
<l n="96">And in our flammyng forge, we wil burne the fleshe and bones.</l>
<lb/>
<l n="97">
<hi rend="small cap">R</hi>ecant therfore betyme, least we the [re]morde 
<note type="reading">remorde] momorde 1540</note><note type="gloss" position="left margin">
<foreign lang="LA">Bonum co<expan>n</expan>cili[u]m.</foreign>
</note>
</l>
<l n="98">And beate the with oure handes, as yron the styth</l>
<l n="99">Causynge the for-euer, to be a good recorde</l>
<l n="100">Howe any man herafter doth rayle vpon a smyth 
<note type="gloss" position="left margin">
<foreign lang="LA">Cauete a fabris quonia<expan>m</expan> multi.</foreign>
</note>
</l>
<l n="101">Thy fame we shall pollute, for sowenge soch discord</l>
<l n="102">Maugre all theyr heartes, that be displeased therwith.</l>
<lb/>
<l n="103">
<hi rend="small cap">I</hi> warrant you thys graye, hath lytle good maner</l>
<l n="104">To call <name type="title">master</name>
<name type="person">smyth,</name> bedlem and lunatycke</l>
<l n="105">What though he be gogle-eyed, and tawny as a tanner 
<note type="gloss" position="left margin">
<foreign lang="LA">Nota q<expan>uo</expan>d cholerici su<expan>n</expan>t iracu<expan>n</expan>dia i<expan>te</expan>m Auice<expan>n</expan>[na] c. <num type="roman">viii.</num>
</foreign>
</note>
</l>
<l n="106">It is but hys compleccyon, swart and collerycke</l>
<l n="107">But sythen that he doth fyght, vnder holy churches baner</l>
<l n="108">His lybels are allowed, for good and catholycke.</l>
<lb/>
<l n="109">
<hi rend="small cap">A</hi>nd though he be a smyth, by face and eke of name</l>
<l n="110">Yet to <name type="person">God</name> and the kyng, the man maye be wellwylled</l>
<l n="111">For was not there a smyth that propre feates dyd frame</l>
<l n="112">The chronycles make mencyon, whoso them well behylde</l>
<l n="113">Reporte me to the blacke-smyth, a man of worthy fame 
<note type="gloss" position="left margin">
<foreign lang="LA">In memoria eterna erit iustus.</foreign>
</note>
</l>
<l n="114">Howe many at his co<expan>m</expan>maundeme<expan>n</expan>t, had he at <name type="place">blackheth</name> felde.</l>
<lb/>
<l n="115">
<hi rend="small cap">N</hi>owe for that smyth, and all smythes <sc>thorn</sc><expan>a</expan><sc>superscript-t</sc> mean as he dyd mean</l>
<l n="116">Or that agaynst <name type="person">God</name> and our kynge, ought conspyre or saye</l>
<l n="117">That such of there offenses, maye be confessed cleane</l>
<l n="118">And iust rewarde to take, this prayer wyll I praye 
<note type="gloss" position="left margin">
<foreign lang="LA">v. Pater noster. v. Aue Maria. vnum Credo cum De profundis.</foreign>
</note>
</l>
<l n="119">And also that all other, that to theyr sectes do leane</l>
<l n="120">Maye trudge w<expan>i</expan><sc>superscript-t</sc><expan>h</expan> the<expan>m</expan> for co<expan>m</expan>pany, to angre <name type="person">Wyllyam<sc>wb</sc>Graye.</name></l>
<lb/>
<l n="121">
<hi rend="small cap">T</hi>hus forced by frendshyp, and lykenes of name</l>
<l n="122">I haue compyled this brefe apologye 
<note type="gloss" position="left margin">
<foreign lang="LA">Quia sunt de vno cogno<expan>m</expan>i<expan>n</expan>e.</foreign>
</note>
</l>
<l n="123">Propugnyng therin smythes, and theyr honest fame 
<note type="reading">Propugnyng] Propungnyng 1540</note>
</l>
<l n="124">And theyr vylependers, to shame and turpefye
<note type="editorial">'vylependers', see OED 'vilipend'</note>
</l>
<l n="125">Implorynge, that Lorde, that forged the frame</l>
<l n="126">Of fyre and water, of earth and of skye. 
<note type="gloss" position="left margin">
<foreign lang="LA">Hic aucthor rotulat i<expan>n</expan> rethoricis.</foreign>
</note>
</l>
<lb/>
<l n="127">
<hi rend="small cap">T</hi>o preserue <name type="title">Kynge</name>
<name type="person">Henry</name> that prynce potencyall</l>
<l n="128">And <name type="person">Katheryne</name> oure quene of curtesye the floure</l>
<l n="129">Wyth <name type="person">Edwarde</name> oure prince, that ympe emperyall</l>
<l n="130">In helth, in welth, in ryches, in honour,</l>
<l n="131">And to conserue the counsell heroical</l>
<l n="132">To pauyse the people by prudencyall power.</l>


</body>
<back>
<div1 type="motto">
<lb/><l>
<name type="person">God</name> saue the Kynge.</l>
</div1>
<div1 type="colophon">
<lb/><p>
&#182;Imprynted at <name type="place">London</name> by <name type="person">Rycharde<sc>wb</sc>Bankes.</name> And be to sell in <name type="place">Pater<sc>wb</sc>noster<sc>wb</sc>rowe,</name> at the sygne of the Rose.</p>
</div1>
<div1 type="imprimatur">
<p>
<hi rend="italic">
    <foreign lang="LA">Cum priuilegio ad imprimendum solum.</foreign>
</hi>
</p>
</div1>
</back>
</text>
</TEI.2>
