<?xml version="1.0" encoding="UTF-8"?>
<?xml-stylesheet type="text/xsl" href="tudor.xsl"?>
<!DOCTYPE TEI.2 SYSTEM "tudor.dtd">
<TEI.2>
<teiHeader>
<fileDesc>
<titleStmt>
<title>The Assault of the Sacrament of the Altar</title>
<author>Hogarde (Huggarde), Miles</author>
</titleStmt>
<publicationStmt>
<publisher>TextBaseEarlyTudorEnglish</publisher>
<idno>MHASA13556</idno>
<date>2008</date>
</publicationStmt>
<sourceDesc>
<bibl>
<title>The assault of the sacrame<expan>n</expan>t of the altar ... written in ... 1549.  Now newly imprynted</title>
<pubPlace>London</pubPlace>
<publisher>Robert Caly</publisher>
<date>1554</date>
<extent>38</extent>
<idno type="STC">STC 13556</idno>
<note>Ringler 13556 and TP 1552. UMI microfilm reel 385</note>
</bibl>
</sourceDesc>
</fileDesc>
<profileDesc>
<creation>
<date>1549 [sig. A1]</date>
</creation>
<langUsage>
<language id="LA">Latin</language>
</langUsage>
<textClass>
<classCode>Verse</classCode>
</textClass>
</profileDesc>
</teiHeader>
<text>
<front>
<milestone unit="signature" n="[A1]"/>
<div1 type="titlepage title">
<head>The assault of the sacrame<expan>n</expan>t of the Altar containyng as well sixe seuerall assaultes made from tyme to tyme against the sayd blessed sacrament: as also the names and opinions of all the heretical captaines of the same assaultes: Written in the yere or oure Lorde 1549. by <name type="person">Myles<sc>wb</sc>Huggarde,</name> and dedicated to the Quenes moste excellent maiestie, beyng then <name type="title">ladie</name>
<name type="person">Marie</name>: in whiche tyme (heresie then raigning) it could take no place. </head>
   
<p>Now newly imprynted this present yere. 1554.</p><lb/>

<p>
<hi rend="italic">
&#182;
<foreign lang="LA">Cum priuilegio ad imprimendum solum</foreign>.</hi>
</p><lb/>
</div1>
<milestone unit="signature" n="[A1v] [page blank]"/>
<milestone unit="signature" n="A2"/>
<div1 type="author's apology">
<head>
&#182;To the reader.</head>
<l n="1">
<hi rend="woodcut cap">S</hi>Eldome is seene matters of weyght</l>
<l n="2">Rudelye in ryme to be set out,</l>
<l n="3">Yet make I not this thing so sleyght,</l>
<l n="4">Although in ryme I go about,</l>
<l n="5">To make this worke, the whiche no doubt,</l>
<l n="6">Muche hygher matter doth containe,</l>
<l n="7">Then ought in ryme to be made plaine.</l>
<lb/>
<l n="8">But Yet because <name type="title">saint</name>
<name type="person">Paule</name> doth say,</l>
<l n="9">That <name type="person">God</name> his gyftes geueth diuersly,</l>
<l n="10">The whiche eche man ought here alway,</l>
<l n="11">After his gyfte him to apply,</l>
<l n="12">Thereby other to edifie,</l>
<l n="13">For eche man shall when it is spent,</l>
<l n="14">Render accompte of his talent.</l>
<lb/>
<l n="15">Whiche thinge when I consider well,</l>
<l n="16">Seing of men many a score,</l>
<l n="17">Whiche in <name type="person">Gods</name> giftes do farre excell</l>
<l n="18">Many other whiche were before</l>
<l n="19">Their dayes, and yet neuer the more</l>
<l n="20">I se set furth, for the whiche I</l>
<l n="21">Do my slacknes muche lesse set by.</l>
<lb/>
<l n="22">For none is there that aught can do,</l>
<l n="23">That in suche thinges can lesse then I.</l>
<l n="24">Therfore my coumpte lesse shall come to,
<note type="editorial">'coumpte': see OED count n1</note>
</l>
<l n="25">Then those that hath <name type="person">Gods</name> gyftes more hye,</l>
<l n="26">But yet the least I feare truelye,</l>
<l n="27">Shall be more then they well may bere,</l>
<l n="28">Whiche dothe make me my coumpte to feere.</l>
<lb/>
<milestone unit="signature" n="[A2v]"/>
<l n="29">The cause wherfore that I do make,</l>
<l n="30">This treatise small, only is this,</l>
<l n="31">Because men may example take,</l>
<l n="32">Of those whiche did stray farre amisse,</l>
<l n="33">Assaulting faith, that moost true is:</l>
<l n="34">The cheife of whom as they shall se,</l>
<l n="35">Did not amonge them-selues agree.</l>
<lb/>
<l n="36">Of whiche my simple enterprise,</l>
<l n="37">Pardon of all men I do craue,</l>
<l n="38">For my rude style my wit here tryse,</l>
<l n="39">Suche wit suche termes alwaye wyll haue,</l>
<l n="40">Therfore if fautes, ye do persceiue,</l>
<l n="41">Do them correcte as ye cause see,</l>
<l n="42">Iust cause can no-thing displease me.</l>
<trailer>
<foreign lang="LA">Finis.</foreign>
    <lb/>
</trailer>
</div1>
</front>
<milestone unit="signature" n="A3"/>
<body>
<l n="1">
<hi rend="woodcut cap">W</hi>Hen Sagittary had dominion,</l>
<l n="2">The nightes the<expan>n</expan> being very long and cold</l>
<l n="3">I mused on the straunge opinion,</l>
<l n="4">The which diuers me<expan>n</expan> did diuersly hold</l>
<l n="5">Against our sauiours own wordes plainly tolde</l>
<l n="6">Which troubled me so, that as it did chaunce,</l>
<l n="7">With the same study, I fell in a traunce,</l>
<lb/>
<l n="8">Then with that I had a wonderfull dreame,</l>
<l n="9">In the which me-thought <name type="person">Morpheus</name> drue neere</l>
<l n="10">And toke me by the ha<expan>n</expan>de and with stre<expan>n</expan>gth extreme</l>
<l n="11">He drue me furth, and bade me nothing feare,</l>
<l n="12">But go with him, and as we going were,</l>
<l n="13">Let not my co<expan>m</expan>ming quod he the displease,</l>
<l n="14">For thou shalt finde, it shall be for thine ease.</l>
<lb/>
<l n="15">I know that thou dost sore trouble thi minde</l>
<l n="16">With the fondnes of men which thou doest see,</l>
<l n="17">Against <name type="person">Christes</name> wordes cauillation to finde,</l>
<l n="18">The which in the scripture so plaine written be,</l>
<l n="19">And how one with an-other do not agree:</l>
<l n="20">Is not this thy trouble, I pray the tell trewe,</l>
<l n="21">It is trueth quod I, euen as thou dost shewe,</l>
<lb/>
<l n="22">Well quod he, I shall shew the more anone,</l>
<l n="23">Then came we in-to an hall long and wide,</l>
<l n="24">The like before I neuer loked vpon,</l>
<l n="25">Most gorgiously hounge it was on eche side,</l>
<l n="26">With noble storyes which I wyll not hide,</l>
<l n="27">Wrought in fine arrase, with pure silke and golde,</l>
<l n="28">It rauishte my witte this hall to beholde.</l>
<lb/>
<milestone unit="signature" n="[A3v]"/>
<l n="29">Then did I loke vpon the lefte hande,</l>
<l n="30">There sawe I the Arke of <name type="person">God</name> purely wrought 
<note type="gloss" position="left margin, trimmed">
<name type="text-title">[E]xod.</name>
<num type="roman">xxv</num> and <num type="roman">[x]xvii.</num>
<name type="text-title">[De]vte.</name>
<num type="roman">ix.</num>
<name type="text-title">[Ex]od.</name>
<num type="roman">xvi.</num>
</note>
</l>
<l n="31">Of fine golde as it orderly doth stande</l>
<l n="32">In the byble, whiche seing I me be<sc>ab</sc>thought,</l>
<l n="33">Of the stories ther, which to my minde brought, 
<note type="gloss" position="left margin, trimmed">[T]he first fi[g]ure of the [Ar]ke.</note>
</l>
<l n="34">What the Arke, and all the reste did signifye,</l>
<l n="35">Whiche on the lifte side of this hall did lye.</l>
<l n="36">First there I sawe <name type="person">Melchizedech</name> the king 
<note type="gloss" position="left margin, trimmed">
<name type="text-title">[G]ene.</name>
    <num type="roman">xliii.</num> [T]he s[e]cond fi[gu]re of 
    <name type="person">Mel[chi]zedech.</name>(second] socond 1554)</note>

</l>
<l n="37">Meting <name type="person">Abraham</name> the great Patriarche</l>
<l n="38">Fro<expan>m</expan> slaughter of the <num type="roman">.iiii.</num> kinges, for which thi<expan>n</expan>g</l>
<l n="39">He offred to <name type="person">God</name> in a mystery darke,</l>
<l n="40">Breade and wine, the which thing as I did marke,</l>
<l n="41">A hande in the cloudes wrote this him before:</l>
<l n="42">Thou arte a priest it saied for euer more.</l>
<lb/>
<l n="43">The<expan>n</expan> stode ther <name type="title">king</name>
<name type="person">Dauid</name> redy w<expan>i</expan><sc>superscript-t</sc><expan>h</expan> his penne, 
<note type="gloss" position="left margin, trimmed">
<name type="text-title">[P]sal.</name>
<num type="roman">cx.</num>
</note>
</l>
<l n="44">And wrote it in the spirite of prophecy,</l>
<l n="45">Pointing to that priest which shuld saue al men,</l>
<l n="46">Saying thou arte a priest eternally,</l>
<l n="47">After <name type="person">Melchizedeches</name> order truely:</l>
<l n="48">The which when I sawe, I burnt in desire,</l>
<l n="49">To se all the rest my hart was on fyre.</l>
<lb/>
<l n="50">There I sawe howe that the Iewes also 
<note type="gloss" position="left margin, trimmed">
<name type="text-title">[E]xod.</name>
<num type="roman">xii.</num> [T]he thirde fi[g]ure of the pas[c]hal lambe.</note>
</l>
<l n="51">Did eate the paschall lambe as <name type="person">God</name> co<expan>m</expan>mau<expan>n</expan>ded,</l>
<l n="52">When he did saue them from wicked Pharao,</l>
<l n="53">Whiche with all his army was there confounded</l>
<l n="54">In the <name type="place">rede<sc>wb</sc>Sea,</name> where he deliuered,</l>
<l n="55">His people drye-foote, to shewe his powre great,</l>
<l n="56">In reme<expan>m</expan>brance wherof, the lambe they did eate.</l>
<lb/>
<milestone unit="signature" n="[A4]"/>
<l n="57">Nexte to this story I sawe rychely wrought,</l>
<l n="58">Howe that Manna from aboue did discende, 
<note type="gloss" position="right margin">
<name type="text-title">Exod.</name>
<num type="roman">xvi.</num> The fourth figure of Manna.</note>
</l>
<l n="59">To fede those who<expan>m</expan>
<name type="person">god</name> out of thral had brought</l>
<l n="60">Thus <name type="person">God</name> his goodnes to them did extende:</l>
<l n="61">
<name type="title">Kyng</name>
<name type="person">Dauid</name> stoode by and this truely pende,</l>
<l n="62">Prophesieng therby a mystery great,</l>
<l n="63">Saying, man the bread of Angels hath eate,</l>
<lb/>
<l n="64">A goodly table then sawe I there spreade, 
<note type="gloss" position="right margin">
<name type="text-title">Leui.</name>
<num type="roman">xxiiii.</num> The fifthe figure of the shewe-breade.</note>
</l>
<l n="65">By the which the high priestes stode honorably,</l>
<l n="66">And did set theron the holy shewe-breade,</l>
<l n="67">Of the whiche none might eate but they only,</l>
<l n="68">Then in that place also I did espye,</l>
<l n="69">Where <name type="title">king</name>
<name type="person">Dauid</name> did writ this sente<expan>n</expan>ce cleare:</l>
<l n="70">
<name type="person">God</name> geueth meat to those that him truely feare. 
<note type="gloss" position="right margin">
<name type="text-title">Psal.</name>
<num type="roman">cxi.</num>
</note>
</l>
<lb/>
<l n="71">The<expan>n</expan> as I stode musing these thinges to sca<expan>n</expan>ne</l>
<l n="72">I could not with all my wyttes them define,</l>
<l n="73">Then came there to me an auncient man,</l>
<l n="74">Whiche semed to be some noble deuine,</l>
<l n="75">He bad me mine eares to him incline,</l>
<l n="76">And he would open to me by and by,</l>
<l n="77">What all these thinges did truely signifie.</l>
<lb/>
<l n="78">Of that I was glad, and gaue attendaunce,</l>
<l n="79">To here how he would these figures discusse,</l>
<l n="80">Whiche he did truely with noble vtteraunce,</l>
<l n="81">And first of the Arke his saying was thus.</l>
<l n="82">The Arke quod he whiche is so glorious,</l>
<l n="83">Doth signifye <name type="person">Christ</name> his churche be thou sure,</l>
<l n="84">Which hath in it the swete Manna most pure.</l>
<lb/>
<milestone unit="signature" n="[A4v]"/>
<l n="85">This Manna is the holy sacrament,</l>
<l n="86">Of the blessed body and bloud of our Lord,</l>
<l n="87">Whiche he lefte here to be permanent,</l>
<l n="88">As a pledge most sure of our soules comford:</l>
<l n="89">
<name type="person">Aarons</name> rodde also doth signifie his worde,</l>
<l n="90">By the whiche his churche is gouerned here,</l>
<l n="91">But by Manna is figurde his body most nere.</l>
<lb/>
<l n="92">Secondly where <name type="person">Melchizedech</name> the king,</l>
<l n="93">Brought furth breade and wine before <name type="person">Abraha<expan>m</expan>
,</name></l>
<l n="94">That did signifie <name type="person">Christes</name> holy offryng,</l>
<l n="95">Whiche he offred when he to his maundy came,</l>
<l n="96">
<name type="person">Christes</name> order of priesthod co<expan>n</expan>sisteth in the same,</l>
<l n="97">Sith <name type="person">Melchizedeches</name> order in his sacrafice,</l>
<l n="98">Was none other but that, scripture plaine trise,</l>
<lb/>
<l n="99">And where he saieth. thou art a priest for euer,</l>
<l n="100">Did not only signifie <name type="person">Christes</name> eternitee,</l>
<l n="101">But also his order whiche ende shall neuer,</l>
<l n="102">Whiche he ordained, here at his maundie,</l>
<l n="103">Fulfylling <name type="person">Melchizedeches</name> order truely,</l>
<l n="104">Yet is he the priest which doth worke this thinge</l>
<l n="105">In his ministers, dayly ministring.</l>
<lb/>
<l n="106">Stay there sir quod I, by your pacience,</l>
<l n="107">Did <name type="person">Melchizedeches</name> order only consyst,</l>
<l n="108">In these two thinges, me-thinke of congruence,</l>
<l n="109">It doth extende farther or els I haue mist,</l>
<l n="110">Ye for-soth quod he who wyll that resyst,</l>
<l n="111">For when <name type="person">Christ</name> offered him-selfe by his passion</l>
<l n="112">He became for-euer our propiciation. 
<note type="gloss" position="left margin">
<name type="person">Christ</name> is not offred now too merit a<sc>ab</sc>new, as he did by his 
    passio<expan>n</expan>, for that was suffici[e]<expan>n</expan>tlye done ones for all, 
    but we do desire that this sacrifice offered in remembra[u]nce</note>
<note type="gloss" position="right margin, trimmed"> [...]of his death may be a mea[n] 
to applye the merite of tha[t] his death vn[to] vs.</note>
    <note type="reading">sufficie<expan>n</expan>tlye] sufficio<expan>n</expan>tlye 
        1554</note>
</l>
<lb/><milestone unit="signature" n="B1"/>
<l n="113">In consideration wherof we do here,</l>
<l n="114">Offer to the father this swete sacrifice,</l>
<l n="115">Of his blessed sonne, to him moost dere,</l>
<l n="116">Whose death for mercy for vs dayly cryes,</l>
<l n="117">For workes haue we none, that before his eyes,</l>
<l n="118">Are worthy of mercy, therfore we do all,</l>
<l n="119">In that same death for mercy dayly cal.</l>
<lb/>
<l n="120">The next figure quod he to this agreeth wel, 
<note type="gloss" position="right margin">
<name type="text-title">Exod.</name>
<num type="roman">xii.</num>
</note>
</l>
<l n="121">Where-as the Iewes the paschal lambe did eate</l>
<l n="122">In the remembraunce as scripture doth tell,</l>
<l n="123">Of their deliueraunce by myracle great,</l>
<l n="124">Out of <name type="place">Egypte,</name> of whiche figure to entreate, 
<note type="gloss" position="right margin">
<name type="text-title">Exod.</name>
<num type="roman">xiiii.</num>
</note>
</l>
<l n="125">It wyll require a longe circumstaunce,</l>
<l n="126">But lette not the tyme to the be greuaunce,</l>
<lb/>
<l n="127">
<name type="place">Egypte</name> the darknes of synne doth signifie,</l>
<l n="128">In the whiche man was after his fall,</l>
<l n="129">And by Pharao is figured the deuill truely,</l>
<l n="130">Under whom man was both subiecte and thral,</l>
<l n="131">And <name type="person">Moyses</name> in figure <name type="person">Christ</name> I may call,</l>
<l n="132">Which <name type="person">Moyses</name> ledde the children of <name type="place">Israel,</name></l>
<l n="133">Through the <name type="place">redde<sc>wb</sc>sea</name> from Pharao cruell.</l>
<lb/>
<l n="134">Euen so our <name type="person">Moyses</name>
<name type="person">Christ</name> our sauiour,</l>
<l n="135">Deliuered his people through his redde bloud,</l>
<l n="136">From Pharao the deuill and all his hole power,</l>
<l n="137">Under whom man then in great daunger stood:</l>
<l n="138">Now when <name type="person">God</name> by <name type="person">Moyses,</name> 
    was to man thus good</l>
<l n="139">He wilde man yerely for a memoriall,</l>
<l n="140">To eate a lambe which they named the paschall.</l>
<lb/>
<milestone unit="signature" n="[B1v]"/>
<l n="141">Then for-as-muche as our lord did fore<sc>ab</sc>se,</l>
<l n="142">How the nature of man was corrupted</l>
<l n="143">With forgetfulnes, for the whiche he,</l>
<l n="144">For mens co<expan>m</expan>moditee this ordeined,</l>
<l n="145">That they shoulde eate a male lambe vnspotted,</l>
<l n="146">In a remembraunce how they deliuered were</l>
<l n="147">From wicked Pharao as ye before did here.</l>
<lb/>
<l n="148">In like maner our sauiour <name type="person">Christ<sc>wb</sc>Iesu,</name></l>
<l n="149">Ordeined for a perpetuall memorye</l>
<l n="150">A lambe to be eaten our mindes to renewe</l>
<l n="151">In dayly remembraunce of his mercy,</l>
<l n="152">Whiche he procured by his death truely,</l>
<l n="153">The lambe that he lefte was himselfe in-dede,</l>
<l n="154">As in the Euangelistes plaine we do reade.</l>
<lb/>
<l n="155">That <name type="person">christ</name> is the la<expan>m</expan>be it doth plaine appeare.</l>
<l n="156">Beholde the lambe of <name type="person">God,</name> <name type="title">saint</name>
<name type="person">Iohn</name> doth say,</l>
<l n="157">That taketh awai the sinnes the world cleare 
<note type="gloss" position="left margin">
<name type="text-title">
<name type="person">Ioan.</name></name>
<num type="roman">i.</num>
</note>
</l>
<l n="158">Which he did truely by his death that day,</l>
<l n="159">That his fleshe was broke<expan>n</expan>, none can this denay.</l>
<l n="160">Now then to <name type="person">Christes</name> maundy let vs resorte,</l>
<l n="161">And se there what weight his wordes doth importe.</l>
<lb/>
<l n="162">
<name type="person">Christ</name> at his last supper toke bread in his hand: 
<note type="gloss" position="left margin">
<name type="text-title">
<name type="person">Math.</name></name>
<num type="roman">xxvi.</num>
</note>
</l>
<l n="163">He blest it, and brake it, and those wordes saied,</l>
<l n="164">This is my body, thus doth his wordes stande,</l>
<l n="165">The whiche for you, saith he, shalbe betrayed.</l>
<l n="166">These were his wordes it can not be denaied.</l>
<l n="167">But he spake thus, quod I, only in figure,</l>
<l n="168">That doth not, quod he, agree with scripture.</l>
<lb/>
<milestone unit="signature" n="[B2]"/>
<l n="169">Tho[u] must nedes grau<expan>n</expan>t, q<expan>uod</expan> he, that <name type="person">christ</name> came here</l>
<l n="170">The figures of the olde lawe to fulfyll,</l>
<l n="171">Cheifely all suche as of his co<expan>m</expan>ming were,</l>
<l n="172">And that not with figures, to thinke so were yl,</l>
<l n="173">Whoso affirmeth that, can litle skyll</l>
<l n="174">In the scripture, for thus writteth <name type="title">saint</name>
<name type="person">Paule,</name> 
<note type="gloss" position="right margin">
<name type="text-title">
<num type="roman">i.</num> Cor.</name>
<num type="roman">xi.</num>
</note>
</l>
<l n="175">That the lawe to the Iewes was in figures al.</l>
<lb/>
<l n="176">And yet this same sacrament is a figure,</l>
<l n="177">But not only of <name type="person">Christes</name> body naturall,</l>
<l n="178">For <sc>ythorn</sc><expan>a</expan><sc>superscript-t</sc> it co<expan>n</expan>taineth, but this we read in scripture,</l>
<l n="179">That the fourme of bred, which we se material,</l>
<l n="180">Is a figure of <name type="person">Christes</name> body mysticall,</l>
<l n="181">As to the Corynthes we do plainely reade,</l>
<l n="182">To recite the wordes I thinke shall not nede.</l>
<lb/>
<l n="183">But now to note <name type="person">christes</name> words how thei were spoke<expan>n</expan>
</l>
<l n="184">Th<expan>is</expan> is my body, that geue<expan>n</expan> for you shalbe,</l>
<l n="185">Whiche the next day on the crosse was broken</l>
<l n="186">For the sinnes of all men, this by faith we se.</l>
<l n="187">Now that <name type="person">christ</name> is trueth, needes we must agre,</l>
<l n="188">Wel the<expan>n</expan>, of the bread, truth these words did say.</l>
<l n="189">Which truely was true, if he died the next day.</l>
<lb/>
<l n="190">Thus is <name type="person">Christ</name> the lambe that continuallye</l>
<l n="191">Is eaten of vs in his memoriall,</l>
<l n="192">Because we should not forget his mercy,</l>
<l n="193">Whiche by his death he purchast for vs all.</l>
<l n="194">This to his comming truely continue shall.</l>
<l n="195">The Iewes then eate the lambe in figure onlye,</l>
<l n="196">But we eat the true la<expan>m</expan>be, the scripture doth try.</l>
<lb/>
<milestone unit="signature" n="[B2v]"/>
<l n="197">The Manna also which came from aboue,</l>
<l n="198">To feede <name type="person">Gods</name> people in the wildernes, 
<note type="gloss" position="left margin">
<name type="text-title">Exo.</name>
<num type="roman">xvi.</num>
</note>
</l>
<l n="199">Doth signifie this great token of loue,</l>
<l n="200">With whiche <name type="person">Christ</name> doth fede his people doubtlesse,</l>
<l n="201">As <sc>ythorn</sc><sc>superscript-e</sc> Prophetes saying, here plain doth expresse</l>
<l n="202">The breade of Angels, man hath eate, saith he,</l>
<l n="203">And <name type="person">christ</name> this same breade, nameth hi<expan>m</expan>self to be.</l>
<lb/>
<l n="204">I am the breade of lyfe saieth our sauiour, 
<note type="gloss" position="left margin">
<name type="text-title">
<name type="person">Ioan.</name></name>
<num type="roman">vi.</num>
</note>
</l>
<l n="205">Whiche from heauen aboue did truely descende,</l>
<l n="206">To geue lyfe to man doth passe mannes power,</l>
<l n="207">I am the true breade, which doth to that exte<expan>n</expan>de:</l>
<l n="208">Manna from hounger, did man only defende,</l>
<l n="209">But who <sc>ythorn</sc><expan>a</expan><sc>superscript-t</sc> eateth of this bread, sure of life shalbe</l>
<l n="210">And the breade that I wyll geue, is my fleshe saieth he.</l>
<lb/>
<l n="211">Came his flesh fro<expan>m</expan> heaue<expan>n</expan> q<expan>uod</expan> I, that wold I here</l>
<l n="212">For I beleue of trueth, he toke it of <name type="person">Marye,</name></l>
<l n="213">And yet by your wordes, me-thi<expan>n</expan>ke it doth appere</l>
<l n="214">That <sc>ythorn</sc><expan>a</expan><sc>superscript-t</sc> bread was his flesh which came fro<expan>m</expan> a hie</l>
<l n="215">I thinke this saying true ye can not trye,</l>
<l n="216">For if ye can so, my faith I wyll forsake,</l>
<l n="217">For I do beleue his fleshe he did here take.</l>
<lb/>
<l n="218">Loo, here thy ignouraunce thou dost shew to me,</l>
<l n="219">Did not <name type="person">christ</name> like case, say these wordes plainly:</l>
<l n="220">No man ascendeth to heauen but only he, 
<note type="gloss" position="left margin">
<name type="text-title">
<name type="person">Ioan.</name></name>
<num type="roman">iii.</num>
</note>
</l>
<l n="221">Which came downe fro<expan>m</expan> heaue<expan>n</expan>, the sonne of man truly,</l>
<l n="222">Which is in heauen, marke what these wordes doth try</l>
<l n="223">The son of ma<expan>n</expan> which is i<expan>n</expan> heaue<expan>n</expan>, and yet he,</l>
<l n="224">Was in his manhode here, as all men might se.</l>
<lb/>
<milestone unit="signature" n="B3"/>
<l n="225">To discusse that q<expan>uod</expan> I doth farre passe my wit,</l>
<l n="226">Why wilt thou the<expan>n</expan> quod he, in thy faith dispute,</l>
<l n="227">Thou wouldest dig a pitte, and thi-selfe fall into it,</l>
<l n="228">As many other doth, them-selues to co<expan>n</expan>fute,</l>
<l n="229">But do not thou like case fro<expan>m</expan> thi faith tra<expan>n</expan>smute,</l>
<l n="230">And now to shew the I wyll take in hand,</l>
<l n="231">How these two places true together stand.</l>
<lb/>
<l n="232">But first one text I wyll note to the more:</l>
<l n="233">What wyll ye say saieth <name type="person">Christ,</name> when ye shal see, 
<note type="gloss" position="right margin">
<name type="text-title">
<name type="person">Ioan.</name></name>
<num type="roman">vi.</num>
</note>
</l>
<l n="234">The sonne of man ascende where he was before,</l>
<l n="235">Doth not this text now expresse vnto thee,</l>
<l n="236">His manhode in heauen before that to be,</l>
<l n="237">May not I say than, his fleshe is that bread,</l>
<l n="238">Which came fro<expan>m</expan> heaue<expan>n</expan>, wherw<expan>i</expan><sc>superscript-t</sc><expan>h</expan> our soules be fed.</l>
<lb/>
<l n="239">Then toke he no fleshe here that I p<expan>er</expan>ceiue wel,</l>
<l n="240">Yes forsoth q<expan>uod</expan> he this dothe not that disproue,</l>
<l n="241">For why, <name type="title">s.</name> <name type="person">Iohn</name> doth writ in his gospel</l>
<l n="242">That the word was made flesh, euen <name type="person">Gods</name> so<expan>n</expan>ne aboue</l>
<l n="243">By eternal generacion, none can that remoue, 
<note type="gloss" position="right margin">
<name type="text-title">
<name type="person">Ioan.</name></name>
<num type="roman">i.</num>
</note>
</l>
<l n="244">So <name type="person">God</name> and man was knyt, alwayes to remaine,</l>
<l n="245">But one in p<expan>er</expan>sonage, though in natures twaine:</l>
<lb/>
<l n="246">Nowe syth our nature vnto <name type="person">God</name> is knyt,</l>
<l n="247">Beyng one in person as I before did say,</l>
<l n="248">To know how this should be, doth passe al mens wyt</l>
<l n="249">Yet that this is true, no man can denay,</l>
<l n="250">But that man is <name type="person">God,</name> and <name type="person">God</name> is man alway:</l>
<l n="251">Now then <name type="person">Christes</name> holy fleshe by this vnitie,</l>
<l n="252">May truely be said alwaye in heauen to be.</l>
<lb/>
<milestone unit="signature" n="[B3v]"/>
<l n="253">Now this heue<expan>n</expan>ly bred vnder which <name type="person">christ</name> is here</l>
<l n="254">The breade of Angels the prophet well may cal,</l>
<l n="255">For the foode of Angels is the glorie clere</l>
<l n="256">Of the blessed godhead most celestiall,</l>
<l n="257">With the whiche godhead <name type="person">Christ</name> was euer equal</l>
<l n="258">So then where <name type="person">christ</name> is, the godhead is alway,</l>
<l n="259">Then the bread of Angels we eate, we may say.</l>
<lb/>
<l n="260">Then, quod he, here the shew-breade is set out 
<note type="gloss" position="left margin">
<name type="text-title">Leui</name>
<num type="roman">xxiiii.</num>
</note>
</l>
<l n="261">Whereof none but the priestes alone might eate,</l>
<l n="262">The which doth signifie, no christen ma<expan>n</expan> wil dout</l>
<l n="263">This most blessed bred, which is of vertu great,</l>
<l n="264">The shew-bread was vsed as an heauenly meat:</l>
<l n="265">For none but the priestes <name type="person">God</name> did therto admit,</l>
<l n="266">And all the people did reuereuce to it.</l>
<lb/>
<l n="267">This most heauenly meat of <name type="person">christes</name> fleshe and bloud,</l>
<l n="268">Being, as I saied, the perfitte veritie,</l>
<l n="269">Figured by this shew-bread, by which <sc>ythorn</sc><sc>superscript-e</sc> priestes stood,</l>
<l n="270">Only of priestes also eaten here must be:</l>
<l n="271">Of priestes made by order, nay so take not me,</l>
<l n="272">But both priestes and kings, as <name type="person">Peter</name> doth vs cal, 
<note type="gloss" position="left margin">
<name type="text-title">
<num type="roman">i.</num>
<name type="person">Pet.</name></name>
<num type="roman">ii.</num>
</note>
</l>
<l n="273">Which offreth to <name type="person">god</name> the sacrifice spirituall.</l>
<lb/>
<l n="274">Now we are kinges, and priestes thou must vnderstand:</l>
<l n="275">We are not all priestes in ministracion,</l>
<l n="276">No more then we are kinges gouerning a lande:</l>
<l n="277">Yet kinges we are by <name type="person">Peters</name> nominacion,</l>
<l n="278">And so are we priestes by <name type="person">Paules</name> probacion:</l>
<l n="279">Make your bodies, saieth he, a liuely sacrifice. 
<note type="gloss" position="left margin">
<name type="text-title">Roma.</name>
<num type="roman">ii.</num>
</note>
</l>
<l n="280">By this mean and such other al me<expan>n</expan> priests he tries.</l>
<lb/>
<milestone unit="signature" n="[B4]"/>
<l n="281">He may be called a king, learned me<expan>n</expan> doth say,</l>
<l n="282">Which doth his carnall affections subdue,</l>
<l n="283">But if he do not that as muche as he may,</l>
<l n="284">He is in this case, neither king nor prieste true:</l>
<l n="285">But if he be a king thus then will insue,</l>
<l n="286">He is a worthy priest so spiritually,</l>
<l n="287">Whose godly workes then <name type="person">God</name> doth accept hye.</l>
<lb/>
<l n="288">Now this kingly priesthod whoso doth attaine,</l>
<l n="289">Without the feare of <name type="person">God</name> it can neuer be,</l>
<l n="290">The<expan>n</expan>
<sc>ythorn</sc><sc>superscript-e</sc> prophetes promisse, here doth folow plain:</l>
<l n="291">
<name type="person">God</name> geueth meat to those, that feare hi<expan>m</expan> saith he:</l>
<l n="292">Geueth he meat to none els? yis forsoth, we se</l>
<l n="293">By his gifte infidelles haue their sustenaunce,</l>
<l n="294">The<expan>n</expan> doth he mean meat, of an hygher substau<expan>n</expan>ce.</l>
<lb/>
<l n="295">And what that meat is, <name type="person">christ</name> doth plain declare:</l>
<l n="296">My fleshe, saieth he is very meate in-dede,</l>
<l n="297">And my bloud is drinke, this is no figure bare,</l>
<l n="298">These wordes are plain, the gospel <sc>ythorn</sc><expan>o</expan><sc>superscript-u</sc> maist rede:</l>
<l n="299">Now thou seist to what end this figure doth lede</l>
<l n="300">To the faithful <name type="person">christ</name> his fleshe and blod doth geue:</l>
<l n="301">Then they eate it not, q<expan>uod</expan> I, that beastly do liue.</l>
<lb/>
<l n="302">Nay I say not so, thou dost me mistake,</l>
<l n="303">For euen the wicked receiueth <name type="person">Christes</name> body,</l>
<l n="304">Or els our receite should it his body make,</l>
<l n="305">And if I so ment, I should meane wickedlye,</l>
<l n="306">For <name type="person">Paule</name> saith, who that eateth it vnworthily,</l>
<l n="307">Eateth his own iudgement, because no differe<expan>n</expan>ce</l>
<l n="308">He maketh of <name type="person">christes</name> body, this is plain euide<expan>n</expan>ce.</l>
<lb/>
<milestone unit="signature" n="[B4v]"/>
<l n="309">The say q<expan>uod</expan> I that <name type="title">S.</name> <name type="person">Austen</name> doth say,</l>
<l n="310">That wicked me<expan>n</expan> eat[e] not <name type="person">Christes</name> flesh and bloud, 
<note type="reading">eate] eath 1554</note>
</l>
<l n="311">Tho they eate the sacrament euery day,</l>
<l n="312">Upon which thei co<expan>n</expan>clude that none but the good</l>
<l n="313">Only eateth <name type="person">christes</name> fleshe, this with stout mood</l>
<l n="314">They do defende and say, this doth trye,</l>
<l n="315">That it is not <name type="person">Christ,</name> but to the good only.</l>
<lb/>
<l n="316">Thou must vnderstand, q<expan>uod</expan> he , that this worde <name type="person">Iesus</name>
</l>
<l n="317">Is as much to say as a sauiour true,</l>
<l n="318">And to all men <name type="person">Christes</name> wyll is to be thus,</l>
<l n="319">Yet is he not so, the scripture do shewe,</l>
<l n="320">But why, because they folowe not vertue,</l>
<l n="321">By whiche they loose the benefite of that name,</l>
<l n="322">Yet <name type="person">Iesus</name> is a sauiour thou wilt gra<expan>n</expan>t the same.</l>
<lb/>
<l n="323">Blessed are those saith <name type="person">christ</name> whiche are not hurt by me</l>
<l n="324">Who can be hurt by <name type="person">Christ,</name> who is all goodnes,</l>
<l n="325">Truely suche as wicked and vnfaithfull be,</l>
<l n="326">Whiche receiueth him not after his worthines,</l>
<l n="327">Whose iugeme<expan>n</expan>t, as I sayd, <name type="title">s.</name> <name type="person">Paule</name> doth expresse</l>
<l n="328">Now like as <name type="person">Christ</name> was with the Iewes prese<expan>n</expan>t</l>
<l n="329">So is he with vs in the sacrament.</l>
<lb/>
<l n="330">
<name type="person">Christ</name> is not quod I, with vs now present,</l>
<l n="331">As he was with the Iewes, I mean not so q<expan>uod</expan> he</l>
<l n="332">That he so should be, is not conueniente,</l>
<l n="333">For with them he walked in his humanitee,</l>
<l n="334">Fulfylling all thinges that fulfyld should be,</l>
<l n="335">Which done vp to heauen he did ascende,</l>
<l n="336">And fro<expan>m</expan> thence shall come againe at the last end.</l>
<lb/>
<milestone unit="signature" n="C1"/>
<l n="337">Than can he not be here, q<expan>uod</expan> I, by your owne tale.</l>
<l n="338">That canning, quod he, will not be let by me:</l>
<l n="339">For if I said, as thou saist, we should both faile,</l>
<l n="340">But the tale that I tell, if it mine should be,</l>
<l n="341">My canning could neuer proue vnto the,</l>
<l n="342">How his body could be both here and aboue,</l>
<l n="343">But loking who spake it, faith wil <hi rend="roman">how</hi> remoue.</l>
<lb/>
<l n="344">Now wher <name type="title">saint</name>
<name type="person">Austen</name> saith <sc>ythorn</sc><expan>a</expan><sc>superscript-t</sc> the wicked here</l>
<l n="345">Eateth not <name type="person">Christes</name> fleshe, but the good only,</l>
<l n="346">Meanes not, but that <name type="person">Christ</name> is eate<expan>n</expan> eueriwhere,</l>
<l n="347">Both of good and ill, him-selfe doth plaine trye:</l>
<l n="348">The euill doth eate it, and not eate it truely:</l>
<l n="349">Sacramentally thei eat <name type="person">Christes</name> fleshe and bloud,</l>
<l n="350">Though not to their soule health, as doth all the good.</l>
<lb/>
<l n="351">Now those that do not eate it to that effecte,</l>
<l n="352">Are counted then not to eate it at all,</l>
<l n="353">As he that with any sickenes is infecte,</l>
<l n="354">And digesteth not his meat, it norisheth but smal</l>
<l n="355">For which as not eaten be counted it shall.</l>
<l n="356">Eue<expan>n</expan> so he that eateth <name type="person">Christ</name> with a faith vntru,</l>
<l n="357">Is counted not to eate, because hurt doth ensue.</l>
<lb/>
<l n="358">
<name type="person">Christ</name> must be <name type="person">Iesus,</name> to those that him receiue,</l>
<l n="359">Or els to their hurt, the receiue him, we se,</l>
<l n="360">As did the euil Iewes, by this thou maist p<expan>er</expan>ceiue</l>
<l n="361">That for to eat <name type="person">Christes</name> flesh, in such sort must be.</l>
<l n="362">To nourishe his soule in <name type="person">Christ,</name> or els he,</l>
<l n="363">Eates not a sauiour, though it be <name type="person">Christ</name> in-dede,</l>
<l n="364">But greater iudgeme<expan>n</expan>t, as in <name type="title">S.</name> <name type="person">Paul</name> we rede. 
<note type="gloss" position="right margin">
<name type="text-title">
<num type="roman">i.</num> Cor.</name>
<num type="roman">xi.</num>
</note>
</l>
<lb/>
<milestone unit="signature" n="[C1v]"/>
<l n="365">By this thou mayest perceiue, <name type="title">s.</name> <name type="person">Austens</name> minde,</l>
<l n="366">Is not to deny <name type="person">Christ</name> in the sacrament,</l>
<l n="367">For <sc>ythorn</sc><sc>superscript-e</sc> truth i<expan>n</expan> his workes most plain <sc>ythorn</sc><expan>o</expan><sc>superscript-u</sc> maist fi<expan>n</expan>de,</l>
<l n="368">Therfore nothing lesse then thou saist he ment,</l>
<l n="369">As vnto the I haue proued euidente.</l>
<l n="370">I lyke your proffe q<expan>uod</expan> I, I wyl no more contend.</l>
<l n="371">Then for this tune, q<expan>uod</expan> he, I haue made an ende.</l>
<lb/>
<l n="372">Nowe whan he had all these figures declared,</l>
<l n="373">Sodainly he vanisht fro me a<sc>ab</sc>way.</l>
<l n="374">Then whan I sawe that, I me-selfe prepared</l>
<l n="375">To se more in this hall, and then with-out stay,</l>
<l n="376">I loked on my ryght hand, on the which side lay</l>
<l n="377">But two stories of the newe testament,</l>
<l n="378">Which were the verites that the figures mente.</l>
<lb/>
<l n="379">The first was the solemne supper of our lord,</l>
<l n="380">At the whiche his body he did consecrate, 
<note type="gloss" position="left margin, trimmed">[E]rasm. in his [P]araphrases [vp]o<expan>n</expan> the <num type="roman">.xxiiii.</num> [of] <name type="text-title">
<name type="person">Luc.</name></name>
</note>
</l>
<l n="381">Plasing a newe sacrifice for the comforde,</l>
<l n="382">Of his newe churche, which shall not consu<expan>m</expan>mate,</l>
<l n="383">Untyll he come againe hir to congregate, 
<note type="gloss" position="left margin, trimmed">
<name type="text-title">[H]ebr.</name>
<num type="roman">ix.</num>
</note>
</l>
<l n="384">To raigne w<expan>i</expan><sc>superscript-t</sc><expan>h</expan> him: which sacrifice he did ordaine,</l>
<l n="385">In place of all the olde, tyll than to remaine.</l>
<lb/>
<l n="386">Next vnto this was very rychly wrought,</l>
<l n="387">Howe <name type="person">Christ</name> on the crosse suffred passion,</l>
<l n="388">Wherby all mankind with his bloud he bought,</l>
<l n="389">Procuring therby eternall redemption,</l>
<l n="390">Leuing on his parte, scripture doth mention,</l>
<l n="391">Not one iote concerning his death and suffraunce,</l>
<l n="392">Therfore he is not now offred, but i<expan>n</expan> reme<expan>m</expan>brau<expan>n</expan>ce.</l>
<lb/>
<milestone unit="signature" n="C2"/>
<l n="393">For there remaineth no sacrifice for sinne,</l>
<l n="394">By any shedding of bloud or death suffring:</l>
<l n="395">For <name type="person">Christ</name> ones by deth <name type="person">Gods</name> fauour so did win,</l>
<l n="396">He needes to dye no more: for that one offring</l>
<l n="397">Was sufficient, whiche death as remembring,</l>
<l n="398">We offer to <name type="person">God,</name> as was tolde me before,</l>
<l n="399">As our cheife meane of mercy to him euermore.</l>
<lb/>
<l n="400">Then betwen these stories stood <name type="person">Dauid</name>
<sc>ythorn</sc><sc>superscript-e</sc> king,</l>
<l n="401">With a scrole in his hande all alonge spreed,</l>
<l n="402">And indifferently to these stories pointing,</l>
<l n="403">This verse he had writte<expan>n</expan> which I theron redde:</l>
<l n="404">Thou arte a priest for euermore, it [s]ed, 
<note type="reading">sed] fed 1554</note><note type="gloss" position="right margin">
<name type="text-title">Psalm.</name>
<num type="roman">cx</num>
<name type="text-title">Hebr.</name>
<num type="roman">vii.</num>
</note>
</l>
<l n="405">After <name type="person">Melchizedeches,</name> order then in fine</l>
<l n="406">I thought of the worde tolde me by the deuine.</l>
<lb/>
<l n="407">This done euen sodainlye I did espye,</l>
<l n="408">A goodly lady of beauty excellent,</l>
<l n="409">Decte with golde and stone wondrous costly,</l>
<l n="410">Whiche glistred like the sterres in the firmame<expan>n</expan>t:</l>
<l n="411">Then the Euangelistes I sawe redy bente,</l>
<l n="412">Hir to defende with the apostell <name type="title">saint</name>
<name type="person">Paule,</name></l>
<l n="413">And also there was the ancient doctours all,</l>
<lb/>
<l n="414">This lady on a thre-cornerde sto[n]e did stande,</l>
<l n="415">In the whiche, <hi rend="roman">
<name type="person">Christus</name>
</hi> was grauen very well,</l>
<l n="416">And an hoost consecrate she helde in hir hande,</l>
<l n="417">With muche more reuerence then I can tell,</l>
<l n="418">Then stood the Eua<expan>n</expan>gelistes ech with his gospel</l>
<l n="419">And <name type="title">S.</name> <name type="person">Paule</name> also, eche shewing euident</l>
<l n="420">The place wher they defende this holy sacrame<expan>n</expan>t.</l>
<lb/>
<milestone unit="signature" n="[C2v]"/>
<l n="421">Then al the doctors, toke of the<expan>m</expan> for their defence,</l>
<l n="422">Eche of them a sworde sharpe and durable,</l>
<l n="423">And <name type="personif">faith</name> toke them targattes of noble science,</l>
<l n="424">By which to withstande, al men they were able.</l>
<l n="425">Thus they stood stoutly lyke men firme and stable,</l>
<l n="426">Alway redy with these wepones to fight,</l>
<l n="427">Against all that woulde not <name type="title">lady</name>
<name type="personif">faith</name> vse right.</l>
<lb/>
<l n="428">Then sawe I on their targattes written plaine</l>
<l n="429">
<hi rend="roman">
<foreign lang="LA">Scutum fidei</foreign>
</hi>, and farthermore lyke case,</l>
<l n="430">Upon their swordes <hi rend="roman">
<foreign lang="LA">uerbum <name type="person">dei</name>
</foreign>
</hi> certaine,</l>
<l n="431">Thus orderly they stood eche in his place,</l>
<l n="432">This lady to defende assisted with grace,</l>
<l n="433">Whiche had on her breest, in letters of golde,</l>
<l n="434">
<hi rend="roman">
<foreign lang="LA">Fides catholica</foreign>
</hi>, moost goodly to beholde.</l>
<lb/>
<l n="435">Then I seing all this, with great reuerence,</l>
<l n="436">On my knees to <name type="person">Christ</name> I kneled by and by,</l>
<l n="437">And with diuine honour as <name type="person">God</name> in one assence,</l>
<l n="438">With the father and the holy ghost truely,</l>
<l n="439">I did him there worship in that mystery.</l>
<l n="440">Then reason in a corner spied me right soone,</l>
<l n="441">And calde me Idolater, for that I had done. 
<note type="gloss" position="left margin, trimmed">
<name type="personif">[R]eason</name> rebel[le]th againste <name type="personif">[Fa]ieth</name>
</note>
</l>
<lb/>
<l n="442">Then, q<expan>uod</expan> I to him, why dost thou reproue me</l>
<l n="443">For geuing of honour, where honour is due?</l>
<l n="444">I would agree, quod he, if I that could se,</l>
<l n="445">But til then, I wyll not thinke it to be true.</l>
<l n="446">I se but very bread, therfore doth ensewe,</l>
<l n="447">It is but bread, which is not honour worthy,</l>
<l n="448">For whiche I call it plaine Idolatry.</l>
<lb/>
<milestone unit="signature" n="C3"/>
<l n="449">Thou maist se here, q<expan>uod</expan> I, that scripture doth hold</l>
<l n="450">That vnder the forme of bread is <name type="person">christes</name> body,</l>
<l n="451">Which here is defended by the doctours olde:</l>
<l n="452">Do not all these proue the a very nody?</l>
<l n="453">To dispute this, quod he, I wyll not stody:</l>
<l n="454">For why of me-selfe my power is but small,</l>
<l n="455">But being ioyned with man then dispute I shal.</l>
<lb/>
<l n="456">Thou knowest, quod he, that I am but a powre,</l>
<l n="457">Geuen by <name type="person">god</name> to mans soule, to know good and ill,</l>
<l n="458">I haue no grosse body, though at this houre</l>
<l n="459">I appeare to the thus, because thou canst no skill,</l>
<l n="460">Of a gifte as I am, but this say I wyll.</l>
<l n="461">In that I am a gifte in ma<expan>n</expan>nes soule to dwel,</l>
<l n="462">The number of my dwellinges no to<expan>n</expan>gue can tel.</l>
<lb/>
<l n="463">Therfore now seing that I can not attaine</l>
<l n="464">How <name type="person">Christes</name> body vnder fourme of bread ca<expan>n</expan> be</l>
<l n="465">Some men I wyll sure, earnestly constraine</l>
<l n="466">To assaulte this faith, whiche I here do se.</l>
<l n="467">For in no case, I wyll thereto agree. 
<note type="reading">agree] agrree 1554</note>
</l>
<l n="468">Therfore in-to some heades suche blastes I wyll blowe,</l>
<l n="469">That I trust anone her cleane to ouerthrowe.</l>
<lb/>
<l n="470">Then in a great fume he vanished a<sc>ab</sc>way,</l>
<l n="471">Which seing, towardes <name type="personif">faith</name> I turned my face.</l>
<l n="472">O man quod she now in me thy hart stay,</l>
<l n="473">And let not reason out of thy hart race</l>
<l n="474">This holy sacrament, called good grace,</l>
<l n="475">For the great profyte, that to man it doth bring,</l>
<l n="476">If he it receiue with faith according.</l>
<lb/>
<milestone unit="signature" n="[C3v]"/>
<l n="477">Then with that sodainely came rushing in 
<note type="gloss" position="left margin">The firste assaulte of the sacrament, by <name type="person">Berengarius.</name></note>
</l>
<l n="478">
<name type="personif">Reason</name> with a sta<expan>n</expan>derde, which would not bowe,</l>
<l n="479">Faring as though al the feelde he would winne,</l>
<l n="480">Crying thou false <name type="personif">faith</name> defende thy-selfe nowe.</l>
<l n="481">And on his sta<expan>n</expan>dard was writte<expan>n</expan>, <hi rend="roman">how how how</hi>.</l>
<l n="482">His captaines name thero<expan>n</expan> also was writte<expan>n</expan> thus</l>
<l n="483">The noble archedeacon <name type="person">Berengarius.</name></l>
<lb/>
<l n="484">Then when I sawe this I was abashed,</l>
<l n="485">Cheifly to se them come for suche intent,</l>
<l n="486">Asyde for a tyme then I reculed:</l>
<l n="487">But not fro the sight of the sacrament,</l>
<l n="488">Nor out of the reache of <name type="personif">faith</name> I neuer went,</l>
<l n="489">But ioyned my-selfe vnto the doctours olde,</l>
<l n="490">Whiche to defende <name type="personif">faith</name> did styll together holde.</l>
<lb/>
<l n="491">Then vewing these warriours of wicked mind.</l>
<l n="492">I meene <name type="person">Berengarius,</name> with his retenue,</l>
<l n="493">Their wepons were such, that I mused to finde</l>
<l n="494">Any suche, excepte it were of a turke or Iewe,</l>
<l n="495">Whiche are the enemies that doth <name type="personif">faith</name> persue.</l>
<l n="496">Turkey bowes they bare all, on whiche I did se</l>
<l n="497">This worde plainly written <hi rend="roman">incredulitie</hi>.</l>
<lb/>
<l n="498">Then eche of them had an arowe in his ha<expan>n</expan>de,</l>
<l n="499">The which had heades very sharp, named error,</l>
<l n="500">Fetherd with scripture falsly vndersta<expan>n</expan>d,</l>
<l n="501">Because to perse hartes they should haue <sc>ythorn</sc><sc>superscript-e</sc> more powre</l>
<l n="502">Than began they all to shote a great scowre:</l>
<l n="503">And gaue a sore assaulte with an out-crye.</l>
<l n="504">
<hi rend="roman">
<foreign lang="LA">Hoc est</foreign>
</hi> quod they, this is, doth signifie.</l>
<lb/>
<milestone unit="signature" n="[C4]"/>
<l n="505">Then the olde doctours hering this out-crye,</l>
<l n="506">Made by christen men, thought it monstruous.</l>
<l n="507">And they sawe the arrowes of errour flye</l>
<l n="508">To distroy this sacrament moost glorious,</l>
<l n="509">Then thei with their targetes, like men vertuous</l>
<l n="510">Bare of their great shoote, and then againe,</l>
<l n="511">With their swordes they cut al these arrowes in twaine,</l>
<lb/>
<l n="512">Then soberly eche man did say his sentence,</l>
<l n="513">According as the Euangelistes doth tell,</l>
<l n="514">Affirminge the trueth in the litterall sense,</l>
<l n="515">Alowing no glose that trueth to repell,</l>
<l n="516">But to be taken, as it standes in the gospell:</l>
<l n="517">Whiche is, <hi rend="roman">
<foreign lang="LA">hoc est corpus meum</foreign>
</hi>, to be ment,</l>
<l n="518">That <name type="person">Christ</name> lefte his own body in <sc>ythorn</sc><sc>superscript-e</sc> sacrament.</l>
<lb/>
<l n="519">Then as <name type="person">Berengarius</name> was preparing,</l>
<l n="520">More arrowes against the sacrament to shote,</l>
<l n="521">A number of doctours was redy, not sparyng</l>
<l n="522">Their studies to spende his errour to roote</l>
<l n="523">Out of his hart, so that he coulde not boote</l>
<l n="524">Any more against the sacrament to striue,</l>
<l n="525">Then with their swordes to the grou<expan>n</expan>de they did him driue.</l>
<lb/>
<l n="526">Then with that <name type="personif">reason</name> did let his stan<expan>n</expan>dard fal,</l>
<l n="527">And at the foote of faith he fell prostrate.</l>
<l n="528">Then <name type="person">Berengarius</name> for <name type="person">Gods</name> grace did call, 
<note type="gloss" position="right margin">This <name type="person">Berengarius</name> recanted thrise.</note>
</l>
<l n="529">And forsoke his errour so contaminate,</l>
<l n="530">Doinge penaunce therfore after suche rate,</l>
<l n="531">That <name type="person">God</name> was pleased, and his penau<expan>n</expan>ce did take,</l>
<l n="532">As he doth of all those that doth sinne forsake.</l>
<lb/>
<milestone unit="signature" n="[C4v]"/>
<l n="533">Then this assaulte for that time finished,</l>
<l n="534">And <name type="personif">faith</name> stood constaunt as she did before,</l>
<l n="535">Holding the sacrament nothing diminished,</l>
<l n="536">But stood in honour as it did euermore.</l>
<l n="537">Then of people I sawe there many a score,</l>
<l n="538">Which gaue to the sacrament honour diuine,</l>
<l n="539">Without any checke therefro to recline.</l>
<lb/>
<l n="540">Thus <name type="title">lady</name>
<name type="title">faith</name> quietly stoode a great while,</l>
<l n="541">Tyll <name type="person">sathan</name> the deuill therat had enuy,</l>
<l n="542">Which sought busely some men to begyle,</l>
<l n="543">As he had done before ful deceitfully.</l>
<l n="544">The which came to passe experience did trye.</l>
<l n="545">For anone I hard a great trumpet blowe,</l>
<l n="546">The<expan>n</expan> some enemies was nigh, by that I dyd know</l>
<lb/>
<l n="547">Then came in <name type="personif">reason</name> with a standard new,</l>
<l n="548">Which had theron the same superscription,</l>
<l n="549">That the other had, which did <name type="personif">faith</name> persewe,</l>
<l n="550">Changing but only in one condicion</l>
<l n="551">There captaines names, which had the tuicion,</l>
<l n="552">Of that wicked hoost, the<expan>n</expan> was <name type="person">Iohn<sc>wb</sc>Wyikcleffe.</name></l>
<l n="553">
<name type="person">Hierom</name> of <name type="place">Prage</name> and <name type="person">Husse</name> workers or mischeif. 
<note type="gloss" position="left margin">The seco<expan>n</expan>de assaulte of the sacramente, by <name type="person">wykcleiffe</name> and his felowes. <name type="person">Hierome</name> of <name type="place">Prage,</name> <name type="person">Hus</name> and <name type="person">zuinglius</name> .etc.</note>
</l>
<lb/>
<l n="554">All their weapones were of the same sorte</l>
<l n="555">As the other were, sauing as I did here</l>
<l n="556">Their out-crye was so terrible and short,</l>
<l n="557">As though <name type="title">lady</name>
<name type="personif">faith</name> thei wold cleane ouer<sc>ab</sc>bere.</l>
<l n="558">Their arrowes flew so thicke, my flesh shoke for fere.</l>
<l n="559">The<expan>n</expan> al their cheife crie as these arrowes ca<expan>m</expan>e</l>
<l n="560">Was these wordes, <hi rend="roman">
<foreign lang="LA">caro non prodest quicquam</foreign>
</hi>. 
<note type="gloss" position="left margin">
<name type="text-title">
<name type="person">Ioan.</name></name>
<num type="roman">vi.</num>
</note>
</l>
<lb/>
<milestone unit="signature" n="D1"/>
<l n="561">Then the doctors all their targets furth did hold,</l>
<l n="562">Fro<expan>m</expan> their cruel shot <name type="personif">faith</name> for to defende,</l>
<l n="563">And w<expan>i</expan><sc>superscript-t</sc><expan>h</expan> their swerdes like warriours most bold,</l>
<l n="564">Thei stroke at them sore, but yet thei would not bend,</l>
<l n="565">But arroga<expan>n</expan>tly much tyme thei did spend</l>
<l n="566">Against <name type="title">lady</name>
<name type="personif">faith,</name> but nothing preuailing,</l>
<l n="567">The doctors so well withstode their assailyng.</l>
<lb/>
<l n="568">Who all with one voice did wholy agre,</l>
<l n="569">That this text, <hi rend="roman">the fleshe doth profite nothing</hi>,</l>
<l n="570">Was in this sense onely taken to be,</l>
<l n="571">Nothing it profites after the Iewes meanyng,</l>
<l n="572">For thei vnderstode a carnal eating,</l>
<l n="573">As though thei should eate it in gobbets dedde,</l>
<l n="574">As we do eate fleshe wherwith we are fedde.</l>
<lb/>
<l n="575">Whiche errour to remoue, <name type="person">Christ</name> before sayth:</l>
<l n="576">The spirit it is that quickneth, as he would say,</l>
<l n="577">To eate this fleshe of mine as your iudgeme<expan>n</expan>tes hath</l>
<l n="578">Conceiued, so would profite you no way,</l>
<l n="579">But because therby profite haue ye may,</l>
<l n="580">Ioyned with the holy spirit ye shal haue it plain,</l>
<l n="581">By whiche to geue life, the fleshe shall attaine.</l>
<lb/>
<l n="582">Thinke ye that I meane that ye my flesh shal eat</l>
<l n="583">In this forme, as I stande here before you all</l>
<l n="584">Mangled out in pieces, as ye do other meat?</l>
<l n="585">Nay, that ye are deceiued well perceiue ye shall.</l>
<l n="586">For this body ye shall se by power potencial,</l>
<l n="587">Ascend wher it came fro. What will ye say than?</l>
<l n="588">Then shal ye well know I am more then a man.</l>
<lb/>
<milestone unit="signature" n="[D1v]"/>
<l n="589">Thus the doctours all did affirme and say,</l>
<l n="590">That of <name type="person">Christes</name> words this was the p<expan>er</expan>fite se<expan>n</expan>se,</l>
<l n="591">Prouing that <name type="person">Christ</name> these wordes to the Iewes did lay</l>
<l n="592">Because of his godhead they shuld haue intellige<expan>n</expan>ce,</l>
<l n="593">And then to his words to haue geue<expan>n</expan> crede<expan>n</expan>ce.</l>
<l n="594">But yet thei wold not beleue more then they sawe,</l>
<l n="595">Whiche was his ma<expan>n</expan>hod, his godhod they would not knowe.</l>
<lb/>
<l n="596">Nedes would thei know how thei his flesh shuld eat,</l>
<l n="597">Or els they would not beleue him at all.</l>
<l n="598">Plainly he tolde them of this heauenly meate,</l>
<l n="599">But in contention with <name type="person">Christ</name> they would fall,</l>
<l n="600">The tyme thei wold not tary, but stil on <name type="person">Christ</name> cal</l>
<l n="601">With a doubtful <hi rend="roman">howe</hi>, whiche <name type="person">Christ</name> knew full well,</l>
<l n="602">Therfore howe they should eat it, <name type="person">Christ</name> would not tell.</l>
<lb/>
<l n="603">But afterwarde to those that would not co<expan>n</expan>tend,</l>
<l n="604">But w<expan>i</expan><sc>superscript-t</sc><expan>h</expan> hu<expan>m</expan>ble silence <name type="person">Christes</name> wordes did beleue,</l>
<l n="605">At the tyme whiche he before did intende,</l>
<l n="606">He gaue them his fleshe their soules to releue,</l>
<l n="607">Under suche a fourme, that it did not greue</l>
<l n="608">Their stomakes, for vnder <sc>ythorn</sc><sc>superscript-e</sc> forme of bread it lay</l>
<l n="609">With whiche their bodies were fed euery day.</l>
<lb/>
<l n="610">Yet these enemies of <name type="person">Christ</name> hearing all this,</l>
<l n="611">Would not in any case thervnto agre:</l>
<l n="612">But cryed that all they had sayd amys,</l>
<l n="613">And that in their sense taken it must be:</l>
<l n="614">Whiche was, that <name type="person">Christes</name> fleshe could profite in no degre</l>
<l n="615">To be eate<expan>n</expan>: and then <sc>ythorn</sc><sc>superscript-e</sc> doctors this seyng</l>
<l n="616">With their swordes droue them away, they had there no beyng.</l>
<lb/>
<milestone unit="signature" n="D2"/>
<l n="617">Thus when w<expan>i</expan><sc>superscript-t</sc><expan>h</expan> their words thei had ouerthrown</l>
<l n="618">This wicked host, which agai<expan>n</expan>st <name type="person">Christ</name> did striue,</l>
<l n="619">That lo<expan>n</expan>g after thei wer neither seen nor knowe<expan>n</expan>,</l>
<l n="620">Tyl that the deuil another drift did dryue</l>
<l n="621">Against fayth, the whiche plainly to discriue:</l>
<l n="622">When fayth a great while had stande at a stay,</l>
<l n="623">New trumpettes I heard blowe, and great horses bray.</l>
<lb/>
<l n="624">Nowe as my duetie was, and as I did before,</l>
<l n="625">I worshipped <name type="person">Christ</name> there with honor diuine.</l>
<l n="626">In came <name type="personif">reason,</name> and with him many a score, 
<note type="gloss" position="right margin">The third assault of <sc>ythorn</sc><sc>superscript-e</sc> sacrament, by <name type="person">Luther</name> and his felowes</note>
</l>
<l n="627">And at this my dede they did sore repyne,</l>
<l n="628">Saiyng, an idol I made of bread and wyne.</l>
<l n="629">Then sawe I their standardes, whiche were in numbre thre</l>
<l n="630">Their names I wyll tell you as I did them se.</l>
<lb/>
<l n="631">The first sta<expan>n</expan>dard had theron <name type="person">Martine<sc>wb</sc>Luther,</name></l>
<l n="632">Whiche of that wicked host was cheif captaine,</l>
<l n="633">He gaue his assault like a wycked tuter,</l>
<l n="634">With great gunshot, but yet for to be plaine,</l>
<l n="635">He shot not so sore as did the other twayne.</l>
<l n="636">For in their crye, but a signe thei did it make.</l>
<l n="637">But <name type="person">Luther</name> and his the litteral sense did take,</l>
<lb/>
<l n="638">Whiche was, that <hi rend="roman">
<foreign lang="LA">hoc est</foreign>
</hi>, must litterally</l>
<l n="639">Be taken as it standes, as <name type="person">Christ</name> had it tolde,</l>
<l n="640">But yet because bread remayned to his eye,</l>
<l n="641">That it was bread styl, styfly he did hold.</l>
<l n="642">And yet <name type="person">Christes</name> body, that by <name type="person">Iudas</name> was sold.</l>
<l n="643">But thei wer sore withsta<expan>n</expan>d by the doctors stout.</l>
<l n="644">Then with that <name type="person">Luther</name> on <name type="title">saint</name>
<name type="person">Paule</name> cried out</l>
<lb/>
<milestone unit="signature" n="[D2v]"/>
<l n="645">I will sayth <name type="person">Luther</name> take witnes here of <name type="person">Paul,</name></l>
<l n="646">Whiche I am sure spake by the holy ghost.</l>
<l n="647">For euen as it is, bread he doth it call:</l>
<l n="648">And you maister doctors in eche place almost,</l>
<l n="649">Where ye treate of this matter this I dare bost,</l>
<l n="650">You call it bread also, defende this and ye can,</l>
<l n="651">Then to honor bread <name type="person">God</name> hath forbidden man.</l>
<lb/>
<l n="652">Then one of the doctors hearing this reason,</l>
<l n="653">In person of all began to dispute.</l>
<l n="654">Errour quod he with the is not geason.</l>
<l n="655">Why doste thou thy-selfe madly confute</l>
<l n="656">With <name type="title">saint</name>
<name type="person">Paule,</name> and vs after the same sute?</l>
<l n="657">Nay quod <name type="person">Luther,</name> your own wordes agai<expan>n</expan>st you I lay,</l>
<l n="658">For I am sure you cal it bread, as I say.</l>
<lb/>
<l n="659">
<name type="title">Saint</name>
<name type="person">Paule</name> quod <sc>ythorn</sc><expan>a</expan><sc>superscript-t</sc> doctor doth cal it bread,</l>
<l n="660">Not meanyng it is so, but doth so appeare:</l>
<l n="661">Because it so was, our iudgementes is led,</l>
<l n="662">To call it bread styll, as though it bread were,</l>
<l n="663">The whiche kynd of speche <sc>ythorn</sc><sc>superscript-e</sc> scripture doth bere,</l>
<l n="664">Whiche sayth that <sc>ythorn</sc><sc>superscript-e</sc> rods of <name type="person">Aaron</name> did deuoure,</l>
<l n="665">The rods of the Egyptians made by the deuils power.</l>
<lb/>
<l n="666">Yet were they no roddes, but serpentes aliue,</l>
<l n="667">But because thei were rods, rods they be called.</l>
<l n="668">Also when <name type="person">Christ</name> in <name type="place">Galile</name> by prerogatiue 
<note type="gloss" position="left margin">
<name type="text-title">
<name type="person">Ioan.</name></name>
<num type="roman">ii.</num>
</note>
</l>
<l n="669">Turned water to wyne, and then commaunded</l>
<l n="670">To geue it to <sc>ythorn</sc><sc>superscript-e</sc> bridegrome, which anone thei did</l>
<l n="671">When he had tasted of the water, sayth <name type="title">S</name>
<name type="person">Iohn</name>:</l>
<l n="672">Here he calde it water, when it was wine alo[n]e.</l>
<lb/>
<milestone unit="signature" n="[D3]"/>
<l n="673">Euen so <name type="title">saint</name>
<name type="person">Paule</name> and all these doctors here</l>
<l n="674">Calth the sacrament bread, because bread we se,</l>
<l n="675">Which proues it no more bread, then the serpents rods were</l>
<l n="676">Nor <sc>ythorn</sc><sc>superscript-e</sc> wyne water in <name type="place">Cana<sc>wb</sc>Galile</name>:</l>
<l n="677">But here nowe one thing obiected may be. 
<note type="gloss" position="right margin">Obiection</note>
</l>
<l n="678">The serpentes were seen serpentes natural,</l>
<l n="679">And the wyne tasted wyne material.</l>
<lb/>
<l n="680">So here was two of the senses satisfied,</l>
<l n="681">Therfore that this was true, reason must agre,</l>
<l n="682">But now howe can this be verified</l>
<l n="683">In the sacrament, where we no chaunge do se,</l>
<l n="684">In sight nor in tast that perceiued can be?</l>
<l n="685">Where the senses ca<expan>n</expan> not reache, faith doth attain, 
<note type="gloss" position="right margin">Answere.</note>
</l>
<l n="686">This for our soules health, <name type="person">Christ</name> hath lefte vs plaine.</l>
<lb/>
<l n="687">For him-selfe vnto <name type="title">saint</name>
<name type="person">Thomas</name> did say,</l>
<l n="688">Thou beleuest, sayth he, because thou dost se:</l>
<l n="689">But I say to the, blessed be all they,</l>
<l n="690">That though they se not, yet wil beleue in me.</l>
<l n="691">To beleue in <name type="person">Christ</name> what iudgest thou to be</l>
<l n="692">Is it not to beleue all that <name type="person">Christ</name> doth teache</l>
<l n="693">In mysteries of fayth aboue reasons reache?</l>
<lb/>
<l n="694">Of the whiche among all that <name type="person">Christ</name> hath left here,</l>
<l n="695">This sacrament doth all other excel:</l>
<l n="696">First, because <name type="person">Christ</name> is there and yet seen no-where</l>
<l n="697">But by fayth, which in this doth reaso<expan>n</expan> down fel,</l>
<l n="698">Whiche with all our senses against it doth rebel,</l>
<l n="699">And yet fayth doth byd vs it to defende,</l>
<l n="700">Whiche we intende to do vnto our lyues ende.</l>
<lb/>
<milestone unit="signature" n="[D3v]"/>
<l n="701">Now while this doctor and <name type="person">Luther</name> talked thus,</l>
<l n="702">In came a standard all abrode displayed,</l>
<l n="703">Under whiche came in <hi rend="roman">
<name type="person">Oecolampadius</name>
</hi>, 
<note type="gloss" position="left margin, trimmed">[T]he fourth [as]sault of <sc>ythorn</sc><sc>superscript-e</sc> [sa]crament, [by] <name type="person">Oecola<expan>m</expan>[pa]dius</name> and [hi]s felowes</note>
</l>
<l n="704">Faring as though he wold make the<expan>m</expan> all afrayde,</l>
<l n="705">And agai<expan>n</expan>st the sacrament like a beast he brayde,</l>
<l n="706">And as did <name type="person">Beringarius,</name> so did he it assayle,</l>
<l n="707">But the doctours defe<expan>n</expan>ded it, he could not preuail.</l>
<lb/>
<l n="708">Then <name type="person">Oecolampadius</name> in his assaultyng</l>
<l n="709">Heard <name type="person">Luther</name> defende <name type="person">Christes</name> presence bodily</l>
<l n="710">To be vnder the sacrament, and not-withstanding</l>
<l n="711">The substaunce of bread to byde with the body,</l>
<l n="712">For the whiche he did reproue <name type="person">Luthers</name> foly,</l>
<l n="713">Saiyng that no learned man would agre,</l>
<l n="714">Two substances in one body to be.</l>
<lb/>
<l n="715">
<name type="person">Christ</name> was promist quod he to be incarnate,</l>
<l n="716">So that <name type="person">God</name> and man one substaunce should be,</l>
<l n="717">But who-euer red he should be impanate,</l>
<l n="718">And take the nature of bread in vnitee</l>
<l n="719">Of person, and so make his natures thre,</l>
<l n="720">Of the whiche, one wyll corrupt we spye,</l>
<l n="721">And then shalbe false, the prophetes prophecie. 
<note type="gloss" position="left margin, trimmed">Thou shalt [n]ot suffre thy [h]oly one to see [c]orruption. <name type="text-title">[P]sal.</name>
<num type="roman">xxv.</num>
</note>
</l>
<lb/>
<l n="722">These inconueniences with diuers other mo,</l>
<l n="723">
<name type="person">Oecolampadius</name> plainly declared,</l>
<l n="724">With the doctors all confirmed to be so:</l>
<l n="725">But then to speake more he him-selfe prepared.</l>
<l n="726">For to be mistaken very sore he feared,</l>
<l n="727">All inconueniences cleane to put a<sc>ab</sc>way,</l>
<l n="728">It was but onely a signe of <name type="person">Christ</name> he did say.</l>
<lb/>
<milestone unit="signature" n="[D4]"/>
<l n="729">Thus <name type="person">Luther</name> and he began to contend,</l>
<l n="730">Though thei both did erre, yet did thei not agre,</l>
<l n="731">Of the whiche debate or they had made an ende.</l>
<l n="732">
<name type="person">Carolstadius</name> cummyng anone I did see, 
<note type="gloss" position="right margin&gt;">The fift assault of the sacrament, by <name type="person">Carolstadius</name> and his felowes</note>
</l>
<l n="733">His assault before <name type="person">Luther</name> gaue he,</l>
<l n="734">But hearing them newe gloses to inuent,</l>
<l n="735">To lose his fame so, he was not content.</l>
<lb/>
<l n="736">Fyrst he hearing <name type="person">Luther</name> defende so stoutly</l>
<l n="737">That <hi rend="roman">
<foreign lang="LA">hoc est corpus meum</foreign>
</hi>, must be vnderstand,</l>
<l n="738">That with bread was <name type="person">Christes</name> own very body,</l>
<l n="739">And then on the other side how he was withsta<expan>n</expan>d</l>
<l n="740">By <name type="person">Oecolampadius</name> whiche that text scand,</l>
<l n="741">That <hi rend="roman">
<foreign lang="LA">hoc est</foreign>
</hi> must nedes be, this doth signifie,</l>
<l n="742">And stepping betwene, he sware thei both did lye</l>
<lb/>
<l n="743">Than of proud <name type="person">Ne<expan>m</expan>broth</name> I though[t] at that houre 
<note type="reading">thought] though 1554</note>
</l>
<l n="744">Whom <name type="person">God</name> preuented with all his company,</l>
<l n="745">At buildyng of the Babilonical towre.</l>
<l n="746">By confusion of tongues of <name type="person">God</name> letted their foly,</l>
<l n="747">And so did he theirs, experience did trye,</l>
<l n="748">For when they thought <name type="title">lady</name>
<name type="personif">faith</name> to ouerrunne,</l>
<l n="749">They were as nye as when they fyrst begunne.</l>
<lb/>
<l n="750">For when the other twayne as I before say,</l>
<l n="751">Had these wordes of <name type="person">Christ</name> to interpretate,</l>
<l n="752">He affirmed plain that thei toke the wrong way,</l>
<l n="753">And that the spirit of truth did his heart inflate:</l>
<l n="754">The se<expan>n</expan>se of these words sayth he, are in this rate</l>
<l n="755">To be vnderstande, not <hi rend="roman">
<foreign lang="LA">est</foreign>
</hi> for signifie,</l>
<l n="756">But <hi rend="roman">
<foreign lang="LA">est</foreign>
</hi>, for is, euen as the text doth lye.</l>
<lb/>
<milestone unit="signature" n="[D4v]"/>
<l n="757">So then, this is my body, <name type="person">Christ</name> did say plaine.</l>
<l n="758">But to what pointed he, when he did so say,</l>
<l n="759">To the bread? nay there deceiued are ye twayne:</l>
<l n="760">He pointed to him-selfe sitting there that day,</l>
<l n="761">Not meanyng of the bread by any way,</l>
<l n="762">But that thei should eate it in the remembrance,</l>
<l n="763">Both of his great loue, and also his sufferance.</l>
<lb/>
<l n="764">Then eche of them affirmed his owne sense</l>
<l n="765">To be the very truth, although contrarie</l>
<l n="766">They were eche to other, they stode in defence</l>
<l n="767">Of their sayinges, and so beganne to vary.</l>
<l n="768">Yet, though eche showde him-selfe aduersarie</l>
<l n="769">Unto <name type="title">ladie</name>
<name type="personif">fayth,</name> yet at the last they fell,</l>
<l n="770">Through pryde one against another to rebel.</l>
<lb/>
<l n="771">But when the doctors harde <name type="person">Carolstadius</name>
</l>
<l n="772">Of <name type="person">christes</name> plain wordes, so false a glose to take:</l>
<l n="773">O wicked man, quod thei, herken vnto vs,</l>
<l n="774">What scripture hast <sc>ythorn</sc><expan>o</expan><sc>superscript-u</sc> that for thi part doth make?</l>
<l n="775">For what cause toke <name type="person">Christ</name> bread and these words spake:</l>
<l n="776">Take, eat, this is my body, marke this thing well,</l>
<l n="777">And to what thing <name type="person">Christ</name> did point this wyll the tell.</l>
<lb/>
<l n="778">
<name type="person">Christes</name> taking of the bread in his holy hand,</l>
<l n="779">His geuing of thankes, blessing and breaking</l>
<l n="780">And bidding them eate, can no way be scande,</l>
<l n="781">But that his act did co<expan>n</expan>curre with his speaking,</l>
<l n="782">Saiyng, this is my body, what playner thing</l>
<l n="783">Ca<expan>n</expan> there be, to proue that that which thei did eat</l>
<l n="784">Was his owne body, that most heauenly meat?</l>
<lb/>
<milestone unit="signature" n="E1"/>
<l n="785">Of all foolishe gloses, that is moost madde,</l>
<l n="786">To say that of the bread <name type="person">Christ</name> ment not at all,</l>
<l n="787">And if that should be true, then the Iewes had</l>
<l n="788">A better repast in eating their paschall,</l>
<l n="789">That was fleshe and bloud, and had life naturall,</l>
<l n="790">Then w<expan>i</expan><sc>superscript-t</sc><expan>h</expan>
<name type="person">christ</name> in figure they were truely fedde,</l>
<l n="791">But we haue not so muche, if <name type="person">Christ</name> ment not of the breade.</l>
<lb/>
<l n="792">When he had this saied, these wretches all</l>
<l n="793">Began against <name type="personif">faieth</name> to be more vehement, 
<note type="gloss" position="right margin">Euery kingdome deuided in it-selfe shall be desolate. <name type="text-title">
<name type="person">Math.</name></name>
<num type="roman">xii.</num>
</note>
</l>
<l n="794">But then because in-to sectes, they did fall,</l>
<l n="795">Hauing amonge them no kinde of agrement,</l>
<l n="796">Conserning the right faieth in the sacrament,</l>
<l n="797">Eche against other his fancye did defende,</l>
<l n="798">Thus brauling with the<expan>m</expan>-selues this assaulte did ende.</l>
<lb/>
<l n="799">Then lyke brainles beastes they fell in decay,</l>
<l n="800">Lyke those that had sought their own co<expan>n</expan>fusion,</l>
<l n="801">Leuing <name type="title">lady</name>
<name type="personif">faieth</name> in hir olde godly staye,</l>
<l n="802">To whom all the doctours in conclucion,</l>
<l n="803">Submitted them-selues with-out abusion,</l>
<l n="804">And vnto <name type="person">Christ</name> there in the sacrament,</l>
<l n="805">They kneled downe with deuotion reuerent.</l>
<lb/>
<l n="806">Then stood <name type="title">lady</name>
<name type="personif">faieth</name> quietly in rest,</l>
<l n="807">Holding the sacrament honorably,</l>
<l n="808">Yet some now and then would haue hir opprest,</l>
<l n="809">Whiche were souldiours of wicked heresye, 
<note type="gloss" position="right margin">Meane souldiers <name type="person">Frythe,</name> <name type="person">Lambert,</name> <name type="person">Tyndall</name> .etc.</note>
</l>
<l n="810">Assaulting hir ofte very cruelly,</l>
<l n="811">Whom for to hurte when they sawe they lacked power,</l>
<l n="812">They fled backe all to the tente of <name type="personif">errour.</name></l>
<lb/>
<milestone unit="signature" n="[E1v]"/>
<l n="813">Wherin they did rest, I sawe them no more,</l>
<l n="814">Then kneled I downe doyng reuerence,</l>
<l n="815">Vnto <name type="person">Christ</name> there as I had done before,</l>
<l n="816">Suppossing the deuilles deadly diligence,</l>
<l n="817">Had bene debarde by the doughty defence,</l>
<l n="818">Of all the doctours, and as I there stood,</l>
<l n="819">I harde horses bray as they had bene woode.</l>
<lb/>
<l n="820">Then began my hart for great feare to quake 
<note type="gloss" position="left margin">The <num type="roman">.vi.</num> assault agai<expan>n</expan>st the sacrament here in <name type="place">Engla<expan>n</expan>de.</name></note>
</l>
<l n="821">Me-thought al the world against <name type="personif">faith</name> was be<expan>n</expan>t,</l>
<l n="822">But then <name type="personif">faith</name> bad me a good hart to take,</l>
<l n="823">For this assaulte, quod she, wyll be feruent,</l>
<l n="824">But looke that fro me thou be not absent,</l>
<l n="825">And take here, quod she, this target and sworde, 
<note type="gloss" position="left margin">The target of faith and the sworde of the word of <name type="person">God.</name></note>
</l>
<l n="826">Glad was I then of hir to heare that worde.</l>
<lb/>
<l n="827">Then as I toke these my-selfe to defende,</l>
<l n="828">In came <name type="personif">reason</name> whiche a standard did beare,</l>
<l n="829">Upon the whiche in blacke letters was pende.</l>
<l n="830">The names of al those which his captaines wer.</l>
<l n="831">Who<expan>m</expan> when I beheld like byshoppes did appere, 
<note type="reading">appere] apppere 1554</note>
</l>
<l n="832">Whiche in my mynde was a straunge sight to se,</l>
<l n="833">Byshoppes on that sort disgysed to be.</l>
<lb/>
<l n="834">The first was two Archbyshops who<expan>m</expan> I did know,</l>
<l n="835">The third <name type="person">Rydley,</name> which on the quene did raile,</l>
<l n="836">The fourth was <name type="person">Hoper,</name> the fifte was <name type="person">Barlowe,</name></l>
<l n="837">The syxt was <name type="person">Poinet,</name> and the seuenth was <name type="person">Bale,</name></l>
<l n="838">The eight was <name type="person">Brown,</name> and the ninth <name type="person">Couerdale,</name></l>
<l n="839">
<name type="person">Farrer</name> and <name type="person">Tayler</name> made twelue with <name type="person">Skory,</name></l>
<l n="840">To se them in this case my hart was sory.</l>
<lb/>
<milestone unit="signature" n="E2"/>
<l n="841">Their foote-me<expan>n</expan> thei had which by the<expan>m</expan> did ro<expan>n</expan>ne</l>
<l n="842">As <name type="person">Rogers,</name> <name type="person">Rose,</name> <name type="person">Horne,</name> <name type="person">Sau<expan>n</expan>ders</name> and <name type="person">Harlay,</name></l>
<l n="843">
<name type="person">Cardmarker,</name> <name type="person">Becon</name>
<name type="person">Crouley,</name> and <name type="person">Sampson,</name></l>
<l n="844">
<name type="person">Peter<sc>wb</sc>Hart,</name> <name type="person">Carter,</name> and olde <name type="person">Bylney,</name></l>
<l n="845">
<name type="person">Tomson,</name> <name type="person">Kyrkame,</name> <name type="person">Douglas,</name> <name type="person">Knokes,</name> and <name type="person">Makbray</name>
</l>
<l n="846">
<name type="person">Bradforde,</name> old <name type="person">Steuens</name> and yong <name type="person">Samuel,</name></l>
<l n="847">With the two <name type="person">Turners,</name> and mo then I can tell.</l>
<lb/>
<l n="848">For whom I did then most hartly praye,</l>
<l n="849">That our lord in time would turne their hartes all,</l>
<l n="850">For by their yll doctrine many a daye,</l>
<l n="851">They haue caused many from faieth to fall,</l>
<l n="852">But <name type="person">God</name> graunte that his churche Catholicall,</l>
<l n="853">They may learne to knowe and to hir to come,</l>
<l n="854">Then shall they reigne with hir in his kingdome.</l>
<lb/>
<l n="855">In armour as blacke as any ynke they were,</l>
<l n="856">And on the creast of their helmetes on hye,</l>
<l n="857">A womans fore[s]leue eche of them did bere, 
<note type="reading">foresleue] forefleue 1554</note>
</l>
<l n="858">The which as I toke it, did signifye,</l>
<l n="859">That for womens loues their manhoodes they wold trie,</l>
<l n="860">Turkey bowes eche of them had redy bent,</l>
<l n="861">To shote out therof their errours pestilent.</l>
<lb/>
<l n="862">Then sawe I the cheife byshop of them all, 
<note type="gloss" position="right margin">
<name type="person">Cranmer</name>
</note>
</l>
<l n="863">Rushe to the doctours vnreuerently,</l>
<l n="864">And rent out of their bookes in gobetes small,</l>
<l n="865">Peices for his purpose, whiche peruersly,</l>
<l n="866">He chewde with his teeth, and then spitefully,</l>
<l n="867">Shot them at <name type="title">lady</name>
<name type="personif">faieth</name> in pellet-wyse,</l>
<l n="868">And beastly did the sacrament despise.</l>
<lb/>
<milestone unit="signature" n="[E2v]"/>
<l n="869">Then certaine byshoppes on <name type="title">lady</name>
<name type="personif">faithes</name> part</l>
<l n="870">Began against him hir stoutly to defende, 
<note type="gloss" position="left margin, trimmed">[C]atholyke by[sh]oppes. <name type="place">[W]inchester.</name> <name type="place">[L]ondon.</name> <name type="place">Worcestor.</name> <name type="place">Chechester</name> and <name type="place">[D]uresme.</name></note>
</l>
<l n="871">Which when I sawe did comfort my hart.</l>
<l n="872">But then or this their debate had an ende,</l>
<l n="873">The deuyl new souldiors against <name type="personif">faith</name> did se<expan>n</expan>de,</l>
<l n="874">Whiche came vnder the standerd of <name type="personif">ignoraunce,</name></l>
<l n="875">Of whom <name type="personif">selfe-wyl</name> had the cheife gouernaunce.</l>
<lb/>
<l n="876">By helpe of these the byshoppes effeminate,</l>
<l n="877">Against <name type="title">lady</name>
<name type="personif">faith</name> did so much preuaile, 
<note type="gloss" position="left margin">The byshopes aboue named.</note>
</l>
<l n="878">That certain of hir men to them was captiuate,</l>
<l n="879">And for hir sake was laide fast in gayle,</l>
<l n="880">Then before hir was drawne such a vaile, 
<note type="gloss" position="left margin">The dayly oblation was taken away.</note>
</l>
<l n="881">That she was so hid, fewe men could hir se,</l>
<l n="882">Tyll <name type="person">God</name> sawe time, that seene she should be.</l>
<lb/>
<l n="883">For the whiche as I a longe time did pray,</l>
<l n="884">I harde trompetes blowe very swete and hye, 
<note type="gloss" position="left margin">The co<expan>m</expan>mynge in of <name type="title">quene</name>
<name type="person">Mary.</name></note>
</l>
<l n="885">Then did my hart reioyce putting care a<sc>ab</sc>way,</l>
<l n="886">Me-thought the sounde was of some victory,</l>
<l n="887">With that comming in I sawe sodainly,</l>
<l n="888">A noble standard all of white and grene,</l>
<l n="889">Imbrodred with roses royally beseene.</l>
<lb/>
<l n="890">After the whiche standard did enter in,</l>
<l n="891">One tryumphantly as the cheife captaine,</l>
<l n="892">Whiche was a crowned quene and vyrgin,</l>
<l n="893">Who seing <name type="title">lady</name>
<name type="personif">faieth</name> so had in disdaine,</l>
<l n="894">Drue backe the vaile that I might se plaine, 
<note type="gloss" position="left margin">The dayly offring set vp againe.</note>
</l>
<l n="895">
<name type="title">Lady</name>
<name type="personif">faieth</name> styll holding the sacrament,</l>
<l n="896">To the which the quene did knele continent.</l>
<lb/>
<milestone unit="signature" n="[E3]"/>
<l n="897">Geuing to our lorde harty laudes and prayse,</l>
<l n="898">Whiche had geuen to hir so great a victory,</l>
<l n="899">Against hir enemies in so fewe dayes,</l>
<l n="900">With-out bloude-shede most miraculously,</l>
<l n="901">Commaunding streight to set at libertye, 
<note type="gloss" position="right margin">The prisoners deliuerd which suffred for <name type="title">lady</name>
<name type="personif">faiethes</name> sake.</note>
</l>
<l n="902">All these whiche imprisonment did take,</l>
<l n="903">And were punished for <name type="title">lady</name>
<name type="personif">faiethes</name> sake.</l>
<lb/>
<l n="904">Whiche done euen sodainely as I there stoode,</l>
<l n="905">Al that I had seene vanisht fro my sight,</l>
<l n="906">The which sodaine chau<expan>n</expan>ge made me chau<expan>n</expan>ge my mood</l>
<l n="907">But the<expan>n</expan>
<name type="person">Morpheus</name> came again to me right,</l>
<l n="908">And bade me feare nothing, the<expan>n</expan> fast as he might</l>
<l n="909">He brought me to my bed, and w<expan>i</expan><sc>superscript-t</sc><expan>h</expan> that I did wake,</l>
<l n="910">Then to write this visio<expan>n</expan> some paines I did take.</l>
<trailer>
<foreign lang="LA">Finis.</foreign>
</trailer>



















</body>
<back>
<milestone unit="signature" n="[E3v]"/>
<div1 type="envoy">
<head>
&#182;The booke speaketh.</head>
<l n="1">
<hi rend="large cap">N</hi>Eedes must I speke, thoughe I be do<expan>m</expan>me,</l>
<l n="2">Some mennes malice for to preuent,</l>
<l n="3">In whose handes when I chau<expan>n</expan>ce to come</l>
<l n="4">Be sure I shall of euyll iudgement,</l>
<l n="5">Because myne aucthour doth inuent,</l>
<l n="6">My matter in a dreame to se,</l>
<l n="7">As a mans dreame they wyll counte me.</l>
<lb/>
<l n="8">For the whiche here as wysdome is,</l>
<l n="9">Who that in ieste doth me so call,</l>
<l n="10">For an aunswere let them take this.</l>
<l n="11">Some wordes written by <name type="person">Iames</name> and <name type="person">Paule,</name></l>
<l n="12">In <name type="person">Luthers</name> bookes plaine finde ye shall,</l>
<l n="13">Called their dreame because he knewe,</l>
<l n="14">That his errours they ouerthrewe.</l>
<lb/>
<l n="15">In lyke maner I do not doute,</l>
<l n="16">But that because I do inuay,</l>
<l n="17">Against all suche as went aboute,</l>
<l n="18">The perfite faieth for to decay,</l>
<l n="19">Some men which nowe fauour that way,</l>
<l n="20">Haply my matter to defame,</l>
<l n="21">Wyll saye that I haue a meete name.</l>
<lb/>
<l n="22">But sith as I do say before,</l>
<l n="23">That <name type="person">Iames</name> and <name type="person">Paule</name> they do deny,</l>
<l n="24">And by <name type="person">Christes</name> wordes to passe nomore,</l>
<l n="25">Then they do now, no cause se I,</l>
<l n="26">To meruaile though they say I lye,</l>
<l n="27">And only dreame all that I tell,</l>
<l n="28">Though first and last, they knowe full well.</l>
<lb/>
<milestone unit="signature" n="[E4]"/>
<l n="29">Cheiflye they knowe whiche learned be,</l>
<l n="30">That these assaultes hath trulye been,</l>
<l n="31">As for the laste, all we did see,</l>
<l n="32">Tyll <name type="person">God</name> did sende our noble quene,</l>
<l n="33">Whiche nowe wyll haue as hath been seene,</l>
<l n="34">The christen faieth truely confest,</l>
<l n="35">As <name type="person">Gods</name> worde hath it plaine exprest.</l>
<lb/>
<l n="36">Therfore I say, for to conclude,</l>
<l n="37">What they do say I do not passe,</l>
<l n="38">And mine authour thoughe they delude,</l>
<l n="39">Yet wyll I shewe plaine who he was,</l>
<l n="40">Because no lawe I wyll trespasse,</l>
<l n="41">
<name type="person">Myles<sc>wb</sc>Hogarde,</name> men do call his name,</l>
<l n="42">Who to this ende did me first frame.</l>
<trailer>
<foreign lang="LA">Finis:</foreign>
</trailer>
</div1>
<div1 type="colophon">
    <p>Imprinted at <name type="place">London</name> by <name type="person">Robert<sc>wb</sc>Caly,</name> within the precinct of the late dissolued house of the graye-Freers, nowe conuerted to an Hospitall, called <name type="place">Christes<sc>wb</sc>Hospitall</name>.&#183;.
    <lb/>The <num type="roman">.xx.</num> daye of September.&#183;.
<lb/>1554.
</p>
</div1>
</back>
</text>
</TEI.2>
