<?xml version="1.0" encoding="UTF-8"?>
<?xml-stylesheet type="text/xsl" href="tudor.xsl"?>
<!DOCTYPE TEI.2 SYSTEM "tudor.dtd">
<TEI.2>
<teiHeader>
<fileDesc>
<titleStmt>
<title>A Ballad Against Malicious Slanderers</title>
<author>Anon</author>
</titleStmt>
<publicationStmt>
<publisher>TextBaseEarlyTudorEnglish</publisher>
<idno>BAMS1323.5</idno>
<date>2008</date>
</publicationStmt>
<sourceDesc>
<bibl>
<title>A balade agaynst malycyous sclaunderers</title>
<pubPlace>London</pubPlace>
<publisher>[R. Lant for] J. Gough</publisher>
<date>[1540]</date>
<extent>1</extent>
<idno type="STC">STC 1323.5</idno>
<note>Ringler 1323.5 and TP 2059. Single sheet folio. Facs. John A. Kingdon, _Incidents in the Lives of Thomas Poyntz and Richard Grafton_, 1895. UMI microfilm reel 1861</note>
</bibl>
</sourceDesc>
</fileDesc>
<profileDesc>
<creation>
<date>1540 [STC]</date>
</creation>
<langUsage>
<language id="LA">Latin</language>
</langUsage>
<textClass>
<classCode>Verse</classCode>
</textClass>
</profileDesc>
</teiHeader>
<text>
<front/>
<milestone unit="folio" n="1"/>
<body>
<head>
&#182;A balade agaynst malycyous Sclaunderers.</head>
<lb/>
<div1 type="burden">
<l>
&#182;Heue and how rumbelow thou arte to blame</l>
<l>Trolle into the right way agayne for shame.</l>
</div1>
<lb/>
<div1 type="poem">
<l n="1">
<hi rend="large cap">T</hi>Rolle into the way / trolle in and retrolle</l>
<l n="2">Small charyte and lesse wytte is in thy nolle</l>
<l n="3">Thus for to rayle vpon a christen soule</l>
<l n="4">Wherfore men thynke the worthy blame</l>
<l n="5">Trolle into the way agayne for shame.</l>
<lb/>
<l n="6">
&#182;Thou makest a trollyng hyther and thyther</l>
<l n="7">Somtyme thou trollest thou canst not tell whyther</l>
<l n="8">But if all thy trollynges were gathered togyther</l>
<l n="9">Thy trollynge might trym the and tourne the to blame</l>
<l n="10">Wherfore trolle thou nowe into the way for shame</l>
<lb/>
<l n="11">
<sc>char-8</sc>Although <name type="title">lord</name>
<name type="person">Crumwell</name> a traytour was</l>
<l n="12">Yet dare I saye that the kynge of his grace</l>
<l n="13">Hath forgyuen him that gret trespas</l>
<l n="14">To rayle than on dead men / thou arte to blame</l>
<l n="15">Trolle now into the way agayne for shame.</l>
<lb/>
<l n="16">
<sc>char-8</sc>In that that he the law hath offended</l>
<l n="17">By the lawe he is iustly condempned</l>
<l n="18">This mortall lyfe / full godly he ended</l>
<l n="19">Wherfore to rayle thus / thou art to blame</l>
<l n="20">Trolle into the way agayne for shame.</l>
<lb/>
<l n="21">
&#182;For all his offences in euery thyng</l>
<l n="22">He asked <name type="person">god</name> mercy and grace of the kynge</l>
<l n="23">And of all the wyde world / for his tra<expan>n</expan>sgressyng</l>
<l n="24">Thou nor no man can say nay to the same</l>
<l n="25">Trolle into the way than agayne for shame</l>
<lb/>
<l n="26">
<sc>char-10</sc>Thou takest his treason for thy subtyll defence</l>
<l n="27">Which nowe is departed and gone from hence</l>
<l n="28">But men spye the pricke of all thy pretence</l>
<l n="29">Thy owne sayenges folowyng declare the same</l>
<l n="30">Trolle into the way / for fere or for shame</l>
<lb/>
<l n="31">
&#182;Thou sayest he was with the church to quycke</l>
<l n="32">Fauouryng none but of the new trycke</l>
<l n="33">But nowe thou spurnest agaynst the prycke</l>
<l n="34">And thou of force / must confesse the same</l>
<l n="35">Trolle into the way agayne for shame</l>
<lb/>
<l n="36">
<sc>char-10</sc>For bysshops haue now as they haue had</l>
<l n="37">If preestes wold complayne / they were to mad</l>
<l n="38">Wherfore thou apperest to be a popysshe lad</l>
<l n="39">For vsyng thy popery / thou arte to blame</l>
<l n="40">Trolle into the way agayne for shame.</l>
<lb/>
<l n="41">
<sc>char-8</sc>For here thou vpholdest both monkes and fryers</l>
<l n="42">Nunnes and noughty-packes / and lewed lowsy lyers</l>
<l n="43">The bysshop of <name type="place">Rome</name> / with all his rotten squyers</l>
<l n="44">To buylde such a church / thou arte moche to blame</l>
<l n="45">Trolle nowe into the way agayne for shame.</l>
<lb/>
<l n="46">
<sc>char-8</sc>May not men thynke now in the meane ceason</l>
<l n="47">That thou hast deserued by ryght and by reason</l>
<l n="48">As moch as he hath done for clokynge thy treason</l>
<l n="49">For he was a traytour / and thou arte the same</l>
<l n="50">Trolle away papyst / <name type="person">god</name> gyue the shame.</l>
<lb/>
<l n="51">
&#182;The sacrament of the aulter / that is most hyest</l>
<l n="52">
<name type="person">Crumwell</name> beleued it to be the very body of <name type="person">Chriest</name>
</l>
<l n="53">Wherfore in thy writyng / on him thou lyest</l>
<l n="54">For the kynge and his counsell wyll wytnesse the same</l>
<l n="55">Trolle into the waye / than agayne for shame</l>
<lb/>
<l n="56">
<sc>char-10</sc>Although that he of byrth were but bace</l>
<l n="57">Yet was he set vp of the kynges noble grace</l>
<l n="58">Wherby it appereth that thou woldest deface</l>
<l n="59">The kynges royall power / dispysyng the same</l>
<l n="60">Trolle away traytour / <name type="person">god</name> gyue the shame.</l>
<lb/>
<l n="61">
&#182;Is it thy facyon thus craftely to saye?</l>
<l n="62">Let vs for the kynge / and his lordes praye</l>
<l n="63">And than at the last / to trolle them awaye</l>
<l n="64">With heue and how rumbelow / thy wordes be the same</l>
<l n="65">Both written and printed / to thy great shame?</l>
<lb/>
<l n="66">
<sc>char-10</sc>Hast thou no man els / thou dronken [f]oll 
<note type="reading">foll] soll 1540</note>
</l>
<l n="67">But the kynge and his nobles / away for to troll</l>
<l n="68">It were ynough for to cost the thy poll</l>
<l n="69">Both thyne and all other / that wold do the same</l>
<l n="70">Trolle away traytoure / <name type="person">god</name> gyue the shame.</l>
<lb/>
<l n="71">
&#182;A prety wyse printer belyke he was</l>
<l n="72">Which of his printyng / so lytell doth pas</l>
<l n="73">To print such pylde poetry / as this same was</l>
<l n="74">Lyke maker / lyke printer / two trolles of the game</l>
<l n="75">A payre of good papystes / ye be payne of shame</l>
<lb/>
<l n="76">
<sc>char-10</sc>
<name type="person">God</name> send all traytours their hole desartes</l>
<l n="77">
<name type="person">God</name> send small ioye / to all popysshe hartes</l>
<l n="78">And euyll hap to as many as do take their partes</l>
<l n="79">
<name type="person">God</name> send their purpose neuer to frame</l>
<l n="80">But trolle them away with sorow and shame.</l>
<lb/>
<l n="81">
&#182;I pray <name type="person">god</name> thou be not fownde one of those</l>
<l n="82">That peruarteth the people / as I suppose</l>
<l n="83">From redyng of <name type="person">gods</name> worde / that goodly rose</l>
<l n="84">Where the counsell commaundeth to occupy the same</l>
<l n="85">Thou traytor allurest them this fayre floure to defame.</l>
<lb/>
<l n="86">
<sc>char-8</sc>
<name type="person">God</name> preserue and kepe the kynges noble grace</l>
<l n="87">With <name type="title">prince</name>
<name type="person">Edwarde</name> his sonne / to succede in his place</l>
<l n="88">
<name type="person">God</name> kepe them amonge vs / longe tyme and space</l>
<l n="89">Let all his true subiectes / say Amen to the same</l>
<l n="90">And they that wold otherwyse / <name type="person">god</name> send them shame.</l>


</div1>
<trailer>
&#182;
<foreign lang="LA">Finis.</foreign>
</trailer>
</body>
<back>
<div1 type="colophon">
<p>
<sc>char-10</sc>Prentyd at <name type="place">London</name> in <name type="place">Lombard<sc>wb</sc>strete</name> nere vnto the Stockes market at the sygne of the Mermayde by <name type="person">John<expan>n</expan><sc>wb</sc>Gough.</name> </p>
</div1>
<div1 type="imprimatur">
<lb/><p>
<hi rend="roman">
<foreign lang="LA">Cum preuilegio Ad imprimendum solum</foreign>
</hi>
</p>
</div1>
<div1 type="motto">
<lb/><p>
<hi rend="roman">
<foreign lang="LA">o domine in uirtute tua letabitur Rex, etc.</foreign>
</hi>
</p>
</div1>
</back>
</text>
</TEI.2>
