aduoyde, avoid, -Ce > -C:aduoyd/-du- > v:avoyd/y > i, 11, artif_apologie22877-6.xml, Roy, 2016-08-16T13:29:42
aduyse, advise, uy > vi, 4, artif_apologie22877-6.xml, Roy, 2016-08-16T13:29:42
Agaynst, Against, y > i, 1, artif_apologie22877-6.xml, Roy, 2016-08-16T13:29:42
angre, anger, re > er, 5, artif_apologie22877-6.xml, Roy, 2016-08-16T13:29:42
apologye, apology, -Ce > -C, 2, artif_apologie22877-6.xml, Roy, 2016-08-16T13:29:42
Askynge, Asking, -Ce > -C:askyng/y > i, 7, artif_apologie22877-6.xml, Roy, 2016-08-16T13:29:42
asonder, asunder, CoC- > CuC, 9, artif_apologie22877-6.xml, Roy, 2016-08-16T13:29:42
assauted, assaulted, aut > ault, 10, artif_apologie22877-6.xml, Roy, 2016-08-16T13:29:42
assayles, assayless, -VC > -VCC, 5, artif_apologie22877-6.xml, Roy, 2016-08-16T13:29:42
auncyent, ancient, -aun- > -an-:ancyent/-CyV- > -CiV-, 12, artif_apologie22877-6.xml, Roy, 2016-08-16T13:29:42
awaye, away, -Ce > -C, 1, artif_apologie22877-6.xml, Roy, 2016-08-16T13:29:42
bagarde, begared, -Ce > -C:bagard/CaC > CeC:begard/CC > CeC, 61, artif_apologie22877-6.xml, Roy, 2016-08-16T13:29:42
baner, banner, VnV > VnnV, 8, artif_apologie22877-6.xml, Roy, 2016-08-16T13:29:42
beastes, beasts, -es > -s, 2, artif_apologie22877-6.xml, Roy, 2016-08-16T13:29:42
beate, beat, -Ce > -C, 1, artif_apologie22877-6.xml, Roy, 2016-08-16T13:29:42
bedlem, bedlam, -Ced- > Cd:bdlem/-CeC- > -CaC-:bdlam/CC > CeC, 52, artif_apologie22877-6.xml, Roy, 2016-08-16T13:29:42
behylde, beheld, -Ce > -C:behyld/CyC > CeC, 13, artif_apologie22877-6.xml, Roy, 2016-08-16T13:29:42
betwene, between, ene > een, 9, artif_apologie22877-6.xml, Roy, 2016-08-16T13:29:42
Betwyxt, Betwixt, y > i, 2, artif_apologie22877-6.xml, Roy, 2016-08-16T13:29:42
betyme, betime, y > i, 2, artif_apologie22877-6.xml, Roy, 2016-08-16T13:29:42
beyonde, beyond, -Ce > -C, 3, artif_apologie22877-6.xml, Roy, 2016-08-16T13:29:42
blacke, black, -Ce > -C, 1, artif_apologie22877-6.xml, Roy, 2016-08-16T13:29:42
blede, bleed, ede > eed, 2, artif_apologie22877-6.xml, Roy, 2016-08-16T13:29:42
boked, boced, -k- > -c-, 5, artif_apologie22877-6.xml, Roy, 2016-08-16T13:29:42
bolde, bold, -Ce > -C, 1, artif_apologie22877-6.xml, Roy, 2016-08-16T13:29:42
bragge, brag, -Ce > -C:bragg/-VCC > -VC, 7, artif_apologie22877-6.xml, Roy, 2016-08-16T13:29:42
brefe, brief, -eCe > -ieC, 3, artif_apologie22877-6.xml, Roy, 2016-08-16T13:29:42
brocke, brock, -Ce > -C, 1, artif_apologie22877-6.xml, Roy, 2016-08-16T13:29:42
brockyshe, brockish, -Ce > -C:brockysh/y > i, 10, artif_apologie22877-6.xml, Roy, 2016-08-16T13:29:42
brynge, bring, -Ce > -C:bryng/y > i, 7, artif_apologie22877-6.xml, Roy, 2016-08-16T13:29:42
bryngs, brings, y > i, 1, artif_apologie22877-6.xml, Roy, 2016-08-16T13:29:42
bryngynge, bringing, -Ce > -C:bryngyng/y > i:bringyng/y > i, 43, artif_apologie22877-6.xml, Roy, 2016-08-16T13:29:42
burne, burn, -Ce > -C, 1, artif_apologie22877-6.xml, Roy, 2016-08-16T13:29:42
byshoppes, bishops, CCes > Cs:byshops/y > i, 14, artif_apologie22877-6.xml, Roy, 2016-08-16T13:29:42
bytter, bitter, y > i, 2, artif_apologie22877-6.xml, Roy, 2016-08-16T13:29:42
bytyng, biting, yCy > iCi, 6, artif_apologie22877-6.xml, Roy, 2016-08-16T13:29:42
bytynge, biting, -Ce > -C:bytyng/yCy > iCi, 11, artif_apologie22877-6.xml, Roy, 2016-08-16T13:29:42
catche, catch, -Ce > -C, 1, artif_apologie22877-6.xml, Roy, 2016-08-16T13:29:42
catholycke, catholic, ycke > ic, 15, artif_apologie22877-6.xml, Roy, 2016-08-16T13:29:42
Causynge, Causing, -Ce > -C:causyng/y > i, 9, artif_apologie22877-6.xml, Roy, 2016-08-16T13:29:42
charme, charm, -Ce > -C, 1, artif_apologie22877-6.xml, Roy, 2016-08-16T13:29:42
chronycles, chronicles, y > i, 2, artif_apologie22877-6.xml, Roy, 2016-08-16T13:29:42
churche, church, -Ce > -C, 1, artif_apologie22877-6.xml, Roy, 2016-08-16T13:29:42
cleane, clean, -Ce > -C, 1, artif_apologie22877-6.xml, Roy, 2016-08-16T13:29:42
clercke, clerk, rcke > rk, 11, artif_apologie22877-6.xml, Roy, 2016-08-16T13:29:42
coddes, codes, -VCC > -VC, 3, artif_apologie22877-6.xml, Roy, 2016-08-16T13:29:42
collerycke, choleric, rycke > ric:colleric/coll > chol, 36, artif_apologie22877-6.xml, Roy, 2016-08-16T13:29:42
colleth, coll, -eth > -, 3, artif_apologie22877-6.xml, Roy, 2016-08-16T13:29:42
commaundement, commandement, -aun- > -an-, 4, artif_apologie22877-6.xml, Roy, 2016-08-16T13:29:42
commeth, come, -eth > -e:comme/-VCC > -VC, 21, artif_apologie22877-6.xml, Roy, 2016-08-16T13:29:42
compleccyon, completion, eccyon > etion, 11, artif_apologie22877-6.xml, Roy, 2016-08-16T13:29:42
compyled, compiled, y > i, 3, artif_apologie22877-6.xml, Roy, 2016-08-16T13:29:42
conserue, conserve, eru > erv, 13, artif_apologie22877-6.xml, Roy, 2016-08-16T13:29:42
consolydate, consolidate, y > i, 1, artif_apologie22877-6.xml, Roy, 2016-08-16T13:29:42
conspyre, conspire, y > i, 1, artif_apologie22877-6.xml, Roy, 2016-08-16T13:29:42
couereth, cover, -eth > -:couer/VuV > VvV, 17, artif_apologie22877-6.xml, Roy, 2016-08-16T13:29:42
coulde, could, -Ce > -C, 1, artif_apologie22877-6.xml, Roy, 2016-08-16T13:29:42
councell, councill, -CeC- > -CaC-:councall/CaC > CiC, 22, artif_apologie22877-6.xml, Roy, 2016-08-16T13:29:42
counsell, counsel, -XX > -X, 6, artif_apologie22877-6.xml, Roy, 2016-08-16T13:29:42
Cracke, Crack, -Ce > -C, 1, artif_apologie22877-6.xml, Roy, 2016-08-16T13:29:42
credyte, credit, -Ce > -C:credyt/y > i, 20, artif_apologie22877-6.xml, Roy, 2016-08-16T13:29:42
curtesye, curtesy, -Ce > -C, 3, artif_apologie22877-6.xml, Roy, 2016-08-16T13:29:42
daye, day, -Ce > -C, 1, artif_apologie22877-6.xml, Roy, 2016-08-16T13:29:42
dayes, days, -es > -s, 3, artif_apologie22877-6.xml, Roy, 2016-08-16T13:29:42
decaye, decay, -Ce > -C, 3, artif_apologie22877-6.xml, Roy, 2016-08-16T13:29:42
defende, defend, -Ce > -C, 2, artif_apologie22877-6.xml, Roy, 2016-08-16T13:29:42
denyed, denied, -CyV- > -CiV-, 3, artif_apologie22877-6.xml, Roy, 2016-08-16T13:29:42
dessent, dassent, -CeC- > -CaC-, 1, artif_apologie22877-6.xml, Roy, 2016-08-16T13:29:42
doctours, doctors, our > or, 4, artif_apologie22877-6.xml, Roy, 2016-08-16T13:29:42
dore, dor, -Ce > -C, 2, artif_apologie22877-6.xml, Roy, 2016-08-16T13:29:42
dorst, durst, CoC- > CuC, 6, artif_apologie22877-6.xml, Roy, 2016-08-16T13:29:42
doute, dout, -Ce > -C, 1, artif_apologie22877-6.xml, Roy, 2016-08-16T13:29:42
dreast, dressed, -east > essed, 3, artif_apologie22877-6.xml, Roy, 2016-08-16T13:29:42
dryuen, driven, -CyV- > -CiV-:driuen/VuV > VvV, 7, artif_apologie22877-6.xml, Roy, 2016-08-16T13:29:42
dyd, did, y > i, 1, artif_apologie22877-6.xml, Roy, 2016-08-16T13:29:42
dygnytyes, dignities, y > i:dignytyes/yCy > iCi, 45, artif_apologie22877-6.xml, Roy, 2016-08-16T13:29:42
dyscharge, discharge, y > i, 1, artif_apologie22877-6.xml, Roy, 2016-08-16T13:29:42
elles, ells, -es > -s, 2, artif_apologie22877-6.xml, Roy, 2016-08-16T13:29:42
emperyall, emperyal, -XX > -X, 6, artif_apologie22877-6.xml, Roy, 2016-08-16T13:29:42
euen, even, VuV > VvV, 1, artif_apologie22877-6.xml, Roy, 2016-08-16T13:29:42
euer, ever, VuV > VvV, 1, artif_apologie22877-6.xml, Roy, 2016-08-16T13:29:42
fabrycate, fabricate, y > i, 2, artif_apologie22877-6.xml, Roy, 2016-08-16T13:29:42
farre, fare, -VCC > -VC, 2, artif_apologie22877-6.xml, Roy, 2016-08-16T13:29:42
feates, feats, -es > -s, 2, artif_apologie22877-6.xml, Roy, 2016-08-16T13:29:42
felde, fld, -Ce > -C:feld/-el- > -l-, 8, artif_apologie22877-6.xml, Roy, 2016-08-16T13:29:42
fetely, fately, -CeC- > -CaC-, 1, artif_apologie22877-6.xml, Roy, 2016-08-16T13:29:42
flammyng, flamming, y > i, 1, artif_apologie22877-6.xml, Roy, 2016-08-16T13:29:42
fleshe, flesh, -Ce > -C, 2, artif_apologie22877-6.xml, Roy, 2016-08-16T13:29:42
floure, flour, -Ce > -C, 1, artif_apologie22877-6.xml, Roy, 2016-08-16T13:29:42
forbycause, forbecause, CyC > CeC, 9, artif_apologie22877-6.xml, Roy, 2016-08-16T13:29:42
forsoth, forsooth, Coth > Cooth, 4, artif_apologie22877-6.xml, Roy, 2016-08-16T13:29:42
frenche, french, -Ce > -C, 2, artif_apologie22877-6.xml, Roy, 2016-08-16T13:29:42
frende, friend, -Ce > -C:frend/CeC > CieC, 11, artif_apologie22877-6.xml, Roy, 2016-08-16T13:29:42
frendes, friends, -es > -s:frends/CeC > CieC, 14, artif_apologie22877-6.xml, Roy, 2016-08-16T13:29:42
frendshyp, friendship, y > i:frendship/CeC > CieC, 31, artif_apologie22877-6.xml, Roy, 2016-08-16T13:29:42
ful, full, -VC > -VCC, 1, artif_apologie22877-6.xml, Roy, 2016-08-16T13:29:42
fye, fie, -CyV- > -CiV-, 1, artif_apologie22877-6.xml, Roy, 2016-08-16T13:29:42
fyght, fight, y > i, 1, artif_apologie22877-6.xml, Roy, 2016-08-16T13:29:42
fynde, find, -Ce > -C:fynd/y > i, 6, artif_apologie22877-6.xml, Roy, 2016-08-16T13:29:42
fyre, fire, y > i, 1, artif_apologie22877-6.xml, Roy, 2016-08-16T13:29:42
geue, give, eue > ive, 5, artif_apologie22877-6.xml, Roy, 2016-08-16T13:29:42
goddes, godes, -VCC > -VC, 3, artif_apologie22877-6.xml, Roy, 2016-08-16T13:29:42
gogle, goggle, VgC > VggC, 3, artif_apologie22877-6.xml, Roy, 2016-08-16T13:29:42
gonge, gong, -Ce > -C, 1, artif_apologie22877-6.xml, Roy, 2016-08-16T13:29:42
graye, gray, -Ce > -C, 1, artif_apologie22877-6.xml, Roy, 2016-08-16T13:29:42
grayes, grays, -es > -s, 3, artif_apologie22877-6.xml, Roy, 2016-08-16T13:29:42
gresely, grecely, -se- > -ce-, 5, artif_apologie22877-6.xml, Roy, 2016-08-16T13:29:42
halfe, half, -Ce > -C, 1, artif_apologie22877-6.xml, Roy, 2016-08-16T13:29:42
handes, hands, -es > -s, 2, artif_apologie22877-6.xml, Roy, 2016-08-16T13:29:42
harme, harm, -Ce > -C, 1, artif_apologie22877-6.xml, Roy, 2016-08-16T13:29:42
harte, hart, -Ce > -C, 1, artif_apologie22877-6.xml, Roy, 2016-08-16T13:29:42
haue, have, VuV > VvV, 1, artif_apologie22877-6.xml, Roy, 2016-08-16T13:29:42
heartes, hearts, -es > -s, 2, artif_apologie22877-6.xml, Roy, 2016-08-16T13:29:42
helth, health, CeC > CeaC, 7, artif_apologie22877-6.xml, Roy, 2016-08-16T13:29:42
herafter, hereafter, era > erea, 9, artif_apologie22877-6.xml, Roy, 2016-08-16T13:29:42
hode, hod, -Ce > -C, 1, artif_apologie22877-6.xml, Roy, 2016-08-16T13:29:42
holpe, holp, -Ce > -C, 1, artif_apologie22877-6.xml, Roy, 2016-08-16T13:29:42
horsse, hors, -Ce > -C:horss/-XX > -X, 9, artif_apologie22877-6.xml, Roy, 2016-08-16T13:29:42
hym, him, y > i, 1, artif_apologie22877-6.xml, Roy, 2016-08-16T13:29:42
hys, his, y > i, 1, artif_apologie22877-6.xml, Roy, 2016-08-16T13:29:42
Implorynge, Imploring, -Ce > -C:imploryng/y > i, 12, artif_apologie22877-6.xml, Roy, 2016-08-16T13:29:42
iust, just, iV > jV, 1, artif_apologie22877-6.xml, Roy, 2016-08-16T13:29:42
kyng, king, y > i, 1, artif_apologie22877-6.xml, Roy, 2016-08-16T13:29:42
kynge, king, -Ce > -C:kyng/y > i, 7, artif_apologie22877-6.xml, Roy, 2016-08-16T13:29:42
kynges, kings, -es > -s:kyngs/y > i, 12, artif_apologie22877-6.xml, Roy, 2016-08-16T13:29:42
leane, lean, -Ce > -C, 1, artif_apologie22877-6.xml, Roy, 2016-08-16T13:29:42
lesse, less, -Ce > -C, 2, artif_apologie22877-6.xml, Roy, 2016-08-16T13:29:42
lewdely, lewdly, -el- > -l-, 5, artif_apologie22877-6.xml, Roy, 2016-08-16T13:29:42
Lorde, Lord, -Ce > -C, 2, artif_apologie22877-6.xml, Roy, 2016-08-16T13:29:42
lorrelles, lorels, CCes > Cs:lorrels/-VCC > -VC, 18, artif_apologie22877-6.xml, Roy, 2016-08-16T13:29:42
loue, love, VuV > VvV, 1, artif_apologie22877-6.xml, Roy, 2016-08-16T13:29:42
lunatycke, lunatic, ycke > ic, 13, artif_apologie22877-6.xml, Roy, 2016-08-16T13:29:42
lurche, lurch, -Ce > -C, 1, artif_apologie22877-6.xml, Roy, 2016-08-16T13:29:42
lybels, libels, y > i, 2, artif_apologie22877-6.xml, Roy, 2016-08-16T13:29:42
lyghte, light, -Ce > -C:lyght/y > i, 8, artif_apologie22877-6.xml, Roy, 2016-08-16T13:29:42
Lyke, Like, y > i, 1, artif_apologie22877-6.xml, Roy, 2016-08-16T13:29:42
lykenes, lykens, -es > -s, 3, artif_apologie22877-6.xml, Roy, 2016-08-16T13:29:42
lytle, little, y > i:litle/VtC > CttC, 13, artif_apologie22877-6.xml, Roy, 2016-08-16T13:29:42
lytterature, literature, -VCC > -VC:lyterature/y > i, 37, artif_apologie22877-6.xml, Roy, 2016-08-16T13:29:42
lyue, live, -CyV- > -CiV-:liue/VuV > VvV, 6, artif_apologie22877-6.xml, Roy, 2016-08-16T13:29:42
lyuynge, living, -Ce > -C:lyuyng/-CyV- > -CiV-:liuyng/uy > vi, 29, artif_apologie22877-6.xml, Roy, 2016-08-16T13:29:42
mache, mach, -Ce > -C, 1, artif_apologie22877-6.xml, Roy, 2016-08-16T13:29:42
malycious, malicious, y > i, 3, artif_apologie22877-6.xml, Roy, 2016-08-16T13:29:42
maner, miner, CaC > CiC, 5, artif_apologie22877-6.xml, Roy, 2016-08-16T13:29:42
Marke, Mark, -Ce > -C, 1, artif_apologie22877-6.xml, Roy, 2016-08-16T13:29:42
maye, may, -Ce > -C, 1, artif_apologie22877-6.xml, Roy, 2016-08-16T13:29:42
meanes, means, -es > -s, 2, artif_apologie22877-6.xml, Roy, 2016-08-16T13:29:42
mencyon, mention, ncyo > ntio, 10, artif_apologie22877-6.xml, Roy, 2016-08-16T13:29:42
mentyres, mentors, -es > -s:mentyrs/tyr > tor, 26, artif_apologie22877-6.xml, Roy, 2016-08-16T13:29:42
morde, mord, -Ce > -C, 2, artif_apologie22877-6.xml, Roy, 2016-08-16T13:29:42
MOued, Moved, VuV > VvV, 1, artif_apologie22877-6.xml, Roy, 2016-08-16T13:29:42
myght, might, y > i, 1, artif_apologie22877-6.xml, Roy, 2016-08-16T13:29:42
myllyon, million, -CyV- > -CiV-:myllion/y > i, 21, artif_apologie22877-6.xml, Roy, 2016-08-16T13:29:42
nagge, nag, -Ce > -C:nagg/-VCC > -VC, 7, artif_apologie22877-6.xml, Roy, 2016-08-16T13:29:42
naye, nay, -Ce > -C, 1, artif_apologie22877-6.xml, Roy, 2016-08-16T13:29:42
nayles, nayless, -VC > -VCC, 4, artif_apologie22877-6.xml, Roy, 2016-08-16T13:29:42
nede, need, ede > eed, 2, artif_apologie22877-6.xml, Roy, 2016-08-16T13:29:42
ner, nar, -CeC- > -CaC-, 1, artif_apologie22877-6.xml, Roy, 2016-08-16T13:29:42
neuer, never, VuV > VvV, 1, artif_apologie22877-6.xml, Roy, 2016-08-16T13:29:42
nothynge, nothing, -Ce > -C:nothyng/y > i, 9, artif_apologie22877-6.xml, Roy, 2016-08-16T13:29:42
Nowe, Now, -Ce > -C, 1, artif_apologie22877-6.xml, Roy, 2016-08-16T13:29:42
oddes, odds, -es > -s, 2, artif_apologie22877-6.xml, Roy, 2016-08-16T13:29:42
olde, old, -Ce > -C, 1, artif_apologie22877-6.xml, Roy, 2016-08-16T13:29:42
oure, our, -Ce > -C, 1, artif_apologie22877-6.xml, Roy, 2016-08-16T13:29:42
paryshe, parish, -Ce > -C:parysh/y > i, 10, artif_apologie22877-6.xml, Roy, 2016-08-16T13:29:42
pauyse, pavise, uy > vi, 5, artif_apologie22877-6.xml, Roy, 2016-08-16T13:29:42
penne, panne, -CeC- > -CaC-, 1, artif_apologie22877-6.xml, Roy, 2016-08-16T13:29:42
pepe, pape, -CeC- > -CaC-, 1, artif_apologie22877-6.xml, Roy, 2016-08-16T13:29:42
poore, poor, -Ce > -C, 2, artif_apologie22877-6.xml, Roy, 2016-08-16T13:29:42
potencyall, potencyal, -XX > -X, 6, artif_apologie22877-6.xml, Roy, 2016-08-16T13:29:42
pouertie, poverty, ie$ > y:pouerty/VuV > VvV, 14, artif_apologie22877-6.xml, Roy, 2016-08-16T13:29:42
poynted, pointed, y > i, 3, artif_apologie22877-6.xml, Roy, 2016-08-16T13:29:42
pratynge, prating, -Ce > -C:pratyng/y > i, 9, artif_apologie22877-6.xml, Roy, 2016-08-16T13:29:42
praye, pray, -Ce > -C, 1, artif_apologie22877-6.xml, Roy, 2016-08-16T13:29:42
preserue, preserve, eru > erv, 11, artif_apologie22877-6.xml, Roy, 2016-08-16T13:29:42
promyse, promise, y > i, 1, artif_apologie22877-6.xml, Roy, 2016-08-16T13:29:42
propre, propr, -Ce > -C, 1, artif_apologie22877-6.xml, Roy, 2016-08-16T13:29:42
Propugnyng, Propugning, y > i, 1, artif_apologie22877-6.xml, Roy, 2016-08-16T13:29:42
prouoked, provoked, VuV > VvV, 3, artif_apologie22877-6.xml, Roy, 2016-08-16T13:29:42
prudencyall, prudential, -cyall > tial, 10, artif_apologie22877-6.xml, Roy, 2016-08-16T13:29:42
prynce, prince, y > i, 1, artif_apologie22877-6.xml, Roy, 2016-08-16T13:29:42
pylde, pyled, -Ce > -C:pyld/CC > CeC, 7, artif_apologie22877-6.xml, Roy, 2016-08-16T13:29:42
pytye, pity, -Ce > -C:pyty/CyC > CiC, 7, artif_apologie22877-6.xml, Roy, 2016-08-16T13:29:42
qualytes, qualities, y > i:qualites/CeC > CieC, 29, artif_apologie22877-6.xml, Roy, 2016-08-16T13:29:42
quene, queen, ene > een, 5, artif_apologie22877-6.xml, Roy, 2016-08-16T13:29:42
rayle, rail, -Ce > -C:rayl/y > i, 7, artif_apologie22877-6.xml, Roy, 2016-08-16T13:29:42
rayles, rayless, -VC > -VCC, 4, artif_apologie22877-6.xml, Roy, 2016-08-16T13:29:42
Recorde, Record, -Ce > -C, 4, artif_apologie22877-6.xml, Roy, 2016-08-16T13:29:42
reporte, report, -Ce > -C, 3, artif_apologie22877-6.xml, Roy, 2016-08-16T13:29:42
rewarde, reward, -Ce > -C, 2, artif_apologie22877-6.xml, Roy, 2016-08-16T13:29:42
roume, room, -oume > oom, 2, artif_apologie22877-6.xml, Roy, 2016-08-16T13:29:42
ryches, riches, y > i, 2, artif_apologie22877-6.xml, Roy, 2016-08-16T13:29:42
ryght, right, y > i, 1, artif_apologie22877-6.xml, Roy, 2016-08-16T13:29:42
saue, save, VuV > VvV, 1, artif_apologie22877-6.xml, Roy, 2016-08-16T13:29:42
saye, say, -Ce > -C, 1, artif_apologie22877-6.xml, Roy, 2016-08-16T13:29:42
sayes, sayas, -CeC- > -CaC-, 1, artif_apologie22877-6.xml, Roy, 2016-08-16T13:29:42
saynts, saints, y > i, 1, artif_apologie22877-6.xml, Roy, 2016-08-16T13:29:42
sayth, saith, y > i, 1, artif_apologie22877-6.xml, Roy, 2016-08-16T13:29:42
sectes, sects, -es > -s, 2, artif_apologie22877-6.xml, Roy, 2016-08-16T13:29:42
seke, sake, -CeC- > -CaC-, 1, artif_apologie22877-6.xml, Roy, 2016-08-16T13:29:42
seketh, sec, -eth > -:sek/-k- > -c-, 15, artif_apologie22877-6.xml, Roy, 2016-08-16T13:29:42
selfe, self, -Ce > -C, 2, artif_apologie22877-6.xml, Roy, 2016-08-16T13:29:42
shortely, shortily, -ely > -ily, 3, artif_apologie22877-6.xml, Roy, 2016-08-16T13:29:42
shyft, shift, y > i, 1, artif_apologie22877-6.xml, Roy, 2016-08-16T13:29:42
skant, scant, -k- > -c-, 2, artif_apologie22877-6.xml, Roy, 2016-08-16T13:29:42
skathe, scathe, -k- > -c-, 2, artif_apologie22877-6.xml, Roy, 2016-08-16T13:29:42
skourynge, scouring, -Ce > -C:skouryng/y > i:skouring/-k- > -c-, 58, artif_apologie22877-6.xml, Roy, 2016-08-16T13:29:42
smythes, smyths, -es > -s, 3, artif_apologie22877-6.xml, Roy, 2016-08-16T13:29:42
smyths, smiths, y > i, 1, artif_apologie22877-6.xml, Roy, 2016-08-16T13:29:42
soch, such, CoC- > CuC, 5, artif_apologie22877-6.xml, Roy, 2016-08-16T13:29:42
somwhat, somewhat, CC > CeC, 3, artif_apologie22877-6.xml, Roy, 2016-08-16T13:29:42
songe, song, -Ce > -C, 1, artif_apologie22877-6.xml, Roy, 2016-08-16T13:29:42
sorte, sort, -Ce > -C, 2, artif_apologie22877-6.xml, Roy, 2016-08-16T13:29:42
sowenge, sowing, -Ce > -C:soweng/-eng > -ing, 10, artif_apologie22877-6.xml, Roy, 2016-08-16T13:29:42
Speakynge, Speaking, -Ce > -C:speakyng/y > i, 7, artif_apologie22877-6.xml, Roy, 2016-08-16T13:29:42
speketh, spak, -eth > -:spek/-CeC- > -CaC-, 11, artif_apologie22877-6.xml, Roy, 2016-08-16T13:29:42
sporte, sport, -Ce > -C, 2, artif_apologie22877-6.xml, Roy, 2016-08-16T13:29:42
spytefull, spitefull, y > i, 2, artif_apologie22877-6.xml, Roy, 2016-08-16T13:29:42
starne, starn, -Ce > -C, 1, artif_apologie22877-6.xml, Roy, 2016-08-16T13:29:42
stockes, stocks, -es > -s, 2, artif_apologie22877-6.xml, Roy, 2016-08-16T13:29:42
styth, stith, y > i, 1, artif_apologie22877-6.xml, Roy, 2016-08-16T13:29:42
swete, swat, -Ce > -C:swet/-CeC- > -CaC-, 9, artif_apologie22877-6.xml, Roy, 2016-08-16T13:29:42
synge, singe, y > i, 1, artif_apologie22877-6.xml, Roy, 2016-08-16T13:29:42
sythen, sithen, y > i, 2, artif_apologie22877-6.xml, Roy, 2016-08-16T13:29:42
thefe, thief, -eCe > -ieC, 3, artif_apologie22877-6.xml, Roy, 2016-08-16T13:29:42
ther, thar, -CeC- > -CaC-, 1, artif_apologie22877-6.xml, Roy, 2016-08-16T13:29:42
therfore, therefore, erC > ereC, 14, artif_apologie22877-6.xml, Roy, 2016-08-16T13:29:42
therin, threne, CeC > CC:thrin/CiC > CeC:thren/- > -e, 65, artif_apologie22877-6.xml, Roy, 2016-08-16T13:29:42
therto, thereto, erC > ereC, 7, artif_apologie22877-6.xml, Roy, 2016-08-16T13:29:42
therwith, therewith, erC > ereC, 10, artif_apologie22877-6.xml, Roy, 2016-08-16T13:29:42
theyr, their, y > i, 2, artif_apologie22877-6.xml, Roy, 2016-08-16T13:29:42
thynge, thing, -Ce > -C:thyng/y > i, 6, artif_apologie22877-6.xml, Roy, 2016-08-16T13:29:42
thynges, things, -es > -s:thyngs/y > i, 11, artif_apologie22877-6.xml, Roy, 2016-08-16T13:29:42
thys, this, y > i, 1, artif_apologie22877-6.xml, Roy, 2016-08-16T13:29:42
toure, tour, -Ce > -C, 1, artif_apologie22877-6.xml, Roy, 2016-08-16T13:29:42
towarde, toward, -Ce > -C, 1, artif_apologie22877-6.xml, Roy, 2016-08-16T13:29:42
turpefye, turpify, -Ce > -C:turpefy/-CeC- > -CaC-:turpafy/CaC > CiC, 47, artif_apologie22877-6.xml, Roy, 2016-08-16T13:29:42
vnder, vender, CC > CeC, 5, artif_apologie22877-6.xml, Roy, 2016-08-16T13:29:42
vnworthy, unworthy, ^vC > uC, 6, artif_apologie22877-6.xml, Roy, 2016-08-16T13:29:42
vpon, upon, ^vC > uC, 5, artif_apologie22877-6.xml, Roy, 2016-08-16T13:29:42
vylependers, vilipenders, vyle > vili, 17, artif_apologie22877-6.xml, Roy, 2016-08-16T13:29:42
wagge, wage, -VCC > -VC, 2, artif_apologie22877-6.xml, Roy, 2016-08-16T13:29:42
walke, walk, -Ce > -C, 1, artif_apologie22877-6.xml, Roy, 2016-08-16T13:29:42
warme, warm, -Ce > -C, 1, artif_apologie22877-6.xml, Roy, 2016-08-16T13:29:42
wayes, ways, -es > -s, 3, artif_apologie22877-6.xml, Roy, 2016-08-16T13:29:42
welth, walth, -CeC- > -CaC-, 1, artif_apologie22877-6.xml, Roy, 2016-08-16T13:29:42
Wherfore, Wherefore, erC > ereC, 14, artif_apologie22877-6.xml, Roy, 2016-08-16T13:29:42
wherwith, wherewith, erC > ereC, 10, artif_apologie22877-6.xml, Roy, 2016-08-16T13:29:42
whome, whom, -Ce > -C, 1, artif_apologie22877-6.xml, Roy, 2016-08-16T13:29:42
whyle, while, y > i, 1, artif_apologie22877-6.xml, Roy, 2016-08-16T13:29:42
wil, will, -VC > -VCC, 1, artif_apologie22877-6.xml, Roy, 2016-08-16T13:29:42
withall, withal, -XX > -X, 2, artif_apologie22877-6.xml, Roy, 2016-08-16T13:29:42
wolde, wold, -Ce > -C, 1, artif_apologie22877-6.xml, Roy, 2016-08-16T13:29:42
workes, works, -es > -s, 3, artif_apologie22877-6.xml, Roy, 2016-08-16T13:29:42
wronge, wrong, -Ce > -C, 1, artif_apologie22877-6.xml, Roy, 2016-08-16T13:29:42
wryte, write, y > i, 1, artif_apologie22877-6.xml, Roy, 2016-08-16T13:29:42
wyl, wyle, - > -e, 3, artif_apologie22877-6.xml, Roy, 2016-08-16T13:29:42
wylfull, wylefull, CC > CeC, 4, artif_apologie22877-6.xml, Roy, 2016-08-16T13:29:42
wyll, will, y > i, 1, artif_apologie22877-6.xml, Roy, 2016-08-16T13:29:42
Wylt, Wilt, y > i, 1, artif_apologie22877-6.xml, Roy, 2016-08-16T13:29:42
wyth, with, y > i, 1, artif_apologie22877-6.xml, Roy, 2016-08-16T13:29:42
wyttye, witty, -Ce > -C:wytty/CyC > CiC, 10, artif_apologie22877-6.xml, Roy, 2016-08-16T13:29:42
yf, if, y > i, 1, artif_apologie22877-6.xml, Roy, 2016-08-16T13:29:42
ympe, imp, -Ce > -C:ymp/y > i, 5, artif_apologie22877-6.xml, Roy, 2016-08-16T13:29:42
ynough, enough, ^yC > eC, 5, artif_apologie22877-6.xml, Roy, 2016-08-16T13:29:42
yron, iron, y > i, 1, artif_apologie22877-6.xml, Roy, 2016-08-16T13:29:42
